Copyright 1986-2018 Xilinx, Inc. All Rights Reserved.
--------------------------------------------------------------------------------------------------------------------------------------------------------------------------------------------------------
| Tool Version : Vivado v.2018.2 (win64) Build 2258646 Thu Jun 14 20:03:12 MDT 2018
| Date         : Wed Mar  4 09:53:06 2026
| Host         : 7oda running 64-bit major release  (build 9200)
| Command      : report_timing_summary -max_paths 10 -file DSP_Project_timing_summary_routed.rpt -pb DSP_Project_timing_summary_routed.pb -rpx DSP_Project_timing_summary_routed.rpx -warn_on_violation
| Design       : DSP_Project
| Device       : 7a200t-ffg1156
| Speed File   : -3  PRODUCTION 1.22 2018-03-21
--------------------------------------------------------------------------------------------------------------------------------------------------------------------------------------------------------

Timing Summary Report

------------------------------------------------------------------------------------------------
| Timer Settings
| --------------
------------------------------------------------------------------------------------------------

  Enable Multi Corner Analysis               :  Yes
  Enable Pessimism Removal                   :  Yes
  Pessimism Removal Resolution               :  Nearest Common Node
  Enable Input Delay Default Clock           :  No
  Enable Preset / Clear Arcs                 :  No
  Disable Flight Delays                      :  No
  Ignore I/O Paths                           :  No
  Timing Early Launch at Borrowing Latches   :  false

  Corner  Analyze    Analyze    
  Name    Max Paths  Min Paths  
  ------  ---------  ---------  
  Slow    Yes        Yes        
  Fast    Yes        Yes        



check_timing report

Table of Contents
-----------------
1. checking no_clock
2. checking constant_clock
3. checking pulse_width_clock
4. checking unconstrained_internal_endpoints
5. checking no_input_delay
6. checking no_output_delay
7. checking multiple_clock
8. checking generated_clocks
9. checking loops
10. checking partial_input_delay
11. checking partial_output_delay
12. checking latch_loops

1. checking no_clock
--------------------
 There are 0 register/latch pins with no clock.


2. checking constant_clock
--------------------------
 There are 0 register/latch pins with constant_clock.


3. checking pulse_width_clock
-----------------------------
 There are 0 register/latch pins which need pulse_width check


4. checking unconstrained_internal_endpoints
--------------------------------------------
 There are 0 pins that are not constrained for maximum delay.

 There are 0 pins that are not constrained for maximum delay due to constant clock.


5. checking no_input_delay
--------------------------
 There are 174 input ports with no input delay specified. (HIGH)

 There are 0 input ports with no input delay but user has a false path constraint.


6. checking no_output_delay
---------------------------
 There are 152 ports with no output delay specified. (HIGH)

 There are 0 ports with no output delay but user has a false path constraint

 There are 0 ports with no output delay but with a timing clock defined on it or propagating through it


7. checking multiple_clock
--------------------------
 There are 0 register/latch pins with multiple clocks.


8. checking generated_clocks
----------------------------
 There are 0 generated clocks that are not connected to a clock source.


9. checking loops
-----------------
 There are 0 combinational loops in the design.


10. checking partial_input_delay
--------------------------------
 There are 0 input ports with partial input delay specified.


11. checking partial_output_delay
---------------------------------
 There are 0 ports with partial output delay specified.


12. checking latch_loops
------------------------
 There are 0 combinational latch loops in the design through latch input



------------------------------------------------------------------------------------------------
| Design Timing Summary
| ---------------------
------------------------------------------------------------------------------------------------

    WNS(ns)      TNS(ns)  TNS Failing Endpoints  TNS Total Endpoints      WHS(ns)      THS(ns)  THS Failing Endpoints  THS Total Endpoints     WPWS(ns)     TPWS(ns)  TPWS Failing Endpoints  TPWS Total Endpoints  
    -------      -------  ---------------------  -------------------      -------      -------  ---------------------  -------------------     --------     --------  ----------------------  --------------------  
      4.017        0.000                      0                  124        0.539        0.000                      0                  124        4.500        0.000                       0                   174  


All user specified timing constraints are met.


------------------------------------------------------------------------------------------------
| Clock Summary
| -------------
------------------------------------------------------------------------------------------------

Clock        Waveform(ns)       Period(ns)      Frequency(MHz)
-----        ------------       ----------      --------------
sys_clk_pin  {0.000 5.000}      10.000          100.000         


------------------------------------------------------------------------------------------------
| Intra Clock Table
| -----------------
------------------------------------------------------------------------------------------------

Clock             WNS(ns)      TNS(ns)  TNS Failing Endpoints  TNS Total Endpoints      WHS(ns)      THS(ns)  THS Failing Endpoints  THS Total Endpoints     WPWS(ns)     TPWS(ns)  TPWS Failing Endpoints  TPWS Total Endpoints  
-----             -------      -------  ---------------------  -------------------      -------      -------  ---------------------  -------------------     --------     --------  ----------------------  --------------------  
sys_clk_pin         4.017        0.000                      0                  124        0.539        0.000                      0                  124        4.500        0.000                       0                   174  


------------------------------------------------------------------------------------------------
| Inter Clock Table
| -----------------
------------------------------------------------------------------------------------------------

From Clock    To Clock          WNS(ns)      TNS(ns)  TNS Failing Endpoints  TNS Total Endpoints      WHS(ns)      THS(ns)  THS Failing Endpoints  THS Total Endpoints  
----------    --------          -------      -------  ---------------------  -------------------      -------      -------  ---------------------  -------------------  


------------------------------------------------------------------------------------------------
| Other Path Groups Table
| -----------------------
------------------------------------------------------------------------------------------------

Path Group    From Clock    To Clock          WNS(ns)      TNS(ns)  TNS Failing Endpoints  TNS Total Endpoints      WHS(ns)      THS(ns)  THS Failing Endpoints  THS Total Endpoints  
----------    ----------    --------          -------      -------  ---------------------  -------------------      -------      -------  ---------------------  -------------------  


------------------------------------------------------------------------------------------------
| Timing Details
| --------------
------------------------------------------------------------------------------------------------


---------------------------------------------------------------------------------------------------
From Clock:  sys_clk_pin
  To Clock:  sys_clk_pin

Setup :            0  Failing Endpoints,  Worst Slack        4.017ns,  Total Violation        0.000ns
Hold  :            0  Failing Endpoints,  Worst Slack        0.539ns,  Total Violation        0.000ns
PW    :            0  Failing Endpoints,  Worst Slack        4.500ns,  Total Violation        0.000ns
---------------------------------------------------------------------------------------------------


Max Delay Paths
--------------------------------------------------------------------------------------
Slack (MET) :             4.017ns  (required time - arrival time)
  Source:                 m_reg/FF_out_reg/CLK
                            (rising edge-triggered cell DSP48E1 clocked by sys_clk_pin  {rise@0.000ns fall@5.000ns period=10.000ns})
  Destination:            cyo_reg/FF_out_reg[0]/D
                            (rising edge-triggered cell FDRE clocked by sys_clk_pin  {rise@0.000ns fall@5.000ns period=10.000ns})
  Path Group:             sys_clk_pin
  Path Type:              Setup (Max at Slow Process Corner)
  Requirement:            10.000ns  (sys_clk_pin rise@10.000ns - sys_clk_pin rise@0.000ns)
  Data Path Delay:        5.732ns  (logic 2.887ns (50.369%)  route 2.845ns (49.631%))
  Logic Levels:           15  (CARRY4=12 LUT3=1 LUT4=1 LUT6=1)
  Clock Path Skew:        -0.069ns (DCD - SCD + CPR)
    Destination Clock Delay (DCD):    4.164ns = ( 14.164 - 10.000 ) 
    Source Clock Delay      (SCD):    4.448ns
    Clock Pessimism Removal (CPR):    0.215ns
  Clock Uncertainty:      0.035ns  ((TSJ^2 + TIJ^2)^1/2 + DJ) / 2 + PE
    Total System Jitter     (TSJ):    0.071ns
    Total Input Jitter      (TIJ):    0.000ns
    Discrete Jitter          (DJ):    0.000ns
    Phase Error              (PE):    0.000ns

    Location             Delay type                Incr(ns)  Path(ns)    Netlist Resource(s)
  -------------------------------------------------------------------    -------------------
                         (clock sys_clk_pin rise edge)
                                                      0.000     0.000 r  
    W5                                                0.000     0.000 r  CLK (IN)
                         net (fo=0)                   0.000     0.000    CLK
    W5                   IBUF (Prop_ibuf_I_O)         1.371     1.371 r  CLK_IBUF_inst/O
                         net (fo=1, routed)           1.598     2.969    CLK_IBUF
    BUFGCTRL_X0Y0        BUFG (Prop_bufg_I_O)         0.076     3.045 r  CLK_IBUF_BUFG_inst/O
                         net (fo=173, routed)         1.403     4.448    m_reg/CLK
    DSP48_X8Y74          DSP48E1                                      r  m_reg/FF_out_reg/CLK
  -------------------------------------------------------------------    -------------------
    DSP48_X8Y74          DSP48E1 (Prop_dsp48e1_CLK_P[0])
                                                      0.329     4.777 r  m_reg/FF_out_reg/P[0]
                         net (fo=2, routed)           1.211     5.988    p_reg/M[0]
    SLICE_X162Y178       LUT6 (Prop_lut6_I3_O)        0.097     6.085 r  p_reg/FF_out[7]_i_18/O
                         net (fo=1, routed)           0.000     6.085    b1_reg/FF_out_reg[0]_0[0]
    SLICE_X162Y178       CARRY4 (Prop_carry4_S[0]_CO[3])
                                                      0.379     6.464 r  b1_reg/FF_out_reg[7]_i_14/CO[3]
                         net (fo=1, routed)           0.000     6.464    b1_reg/FF_out_reg[7]_i_14_n_0
    SLICE_X162Y179       CARRY4 (Prop_carry4_CI_CO[3])
                                                      0.092     6.556 r  b1_reg/FF_out_reg[11]_i_14/CO[3]
                         net (fo=1, routed)           0.000     6.556    b1_reg/FF_out_reg[11]_i_14_n_0
    SLICE_X162Y180       CARRY4 (Prop_carry4_CI_CO[3])
                                                      0.092     6.648 r  b1_reg/FF_out_reg[15]_i_14/CO[3]
                         net (fo=1, routed)           0.000     6.648    b1_reg/FF_out_reg[15]_i_14_n_0
    SLICE_X162Y181       CARRY4 (Prop_carry4_CI_CO[3])
                                                      0.092     6.740 r  b1_reg/FF_out_reg[19]_i_14/CO[3]
                         net (fo=1, routed)           0.000     6.740    b1_reg/FF_out_reg[19]_i_14_n_0
    SLICE_X162Y182       CARRY4 (Prop_carry4_CI_CO[3])
                                                      0.092     6.832 r  b1_reg/FF_out_reg[23]_i_14/CO[3]
                         net (fo=1, routed)           0.000     6.832    a1_reg/CO[0]
    SLICE_X162Y183       CARRY4 (Prop_carry4_CI_CO[3])
                                                      0.092     6.924 r  a1_reg/FF_out_reg[27]_i_14/CO[3]
                         net (fo=1, routed)           0.000     6.924    a1_reg/FF_out_reg[27]_i_14_n_0
    SLICE_X162Y184       CARRY4 (Prop_carry4_CI_CO[3])
                                                      0.092     7.016 r  a1_reg/FF_out_reg[31]_i_14/CO[3]
                         net (fo=1, routed)           0.000     7.016    a1_reg/FF_out_reg[31]_i_14_n_0
    SLICE_X162Y185       CARRY4 (Prop_carry4_CI_CO[3])
                                                      0.092     7.108 r  a1_reg/FF_out_reg[35]_i_14/CO[3]
                         net (fo=1, routed)           0.000     7.108    a1_reg/FF_out_reg[35]_i_14_n_0
    SLICE_X162Y186       CARRY4 (Prop_carry4_CI_CO[3])
                                                      0.092     7.200 r  a1_reg/FF_out_reg[39]_i_14/CO[3]
                         net (fo=1, routed)           0.000     7.200    p_reg/FF_out_reg[17]_0[0]
    SLICE_X162Y187       CARRY4 (Prop_carry4_CI_O[3])
                                                      0.237     7.437 r  p_reg/FF_out_reg[43]_i_14/O[3]
                         net (fo=2, routed)           0.549     7.986    c_reg/Post_AddSub1[39]
    SLICE_X163Y187       LUT3 (Prop_lut3_I2_O)        0.235     8.221 r  c_reg/FF_out[43]_i_5/O
                         net (fo=2, routed)           0.411     8.632    c_reg/FF_out[43]_i_5_n_0
    SLICE_X163Y188       LUT4 (Prop_lut4_I3_O)        0.245     8.877 r  c_reg/FF_out[43]_i_9/O
                         net (fo=1, routed)           0.000     8.877    c_reg/FF_out[43]_i_9_n_0
    SLICE_X163Y188       CARRY4 (Prop_carry4_S[0]_CO[3])
                                                      0.395     9.272 r  c_reg/FF_out_reg[43]_i_1/CO[3]
                         net (fo=1, routed)           0.000     9.272    c_reg/FF_out_reg[43]_i_1_n_0
    SLICE_X163Y189       CARRY4 (Prop_carry4_CI_O[3])
                                                      0.234     9.506 r  c_reg/FF_out_reg[47]_i_1/O[3]
                         net (fo=3, routed)           0.674    10.180    cyo_reg/D[0]
    SLICE_X162Y176       FDRE                                         r  cyo_reg/FF_out_reg[0]/D
  -------------------------------------------------------------------    -------------------

                         (clock sys_clk_pin rise edge)
                                                     10.000    10.000 r  
    W5                                                0.000    10.000 r  CLK (IN)
                         net (fo=0)                   0.000    10.000    CLK
    W5                   IBUF (Prop_ibuf_I_O)         1.304    11.304 r  CLK_IBUF_inst/O
                         net (fo=1, routed)           1.514    12.817    CLK_IBUF
    BUFGCTRL_X0Y0        BUFG (Prop_bufg_I_O)         0.072    12.889 r  CLK_IBUF_BUFG_inst/O
                         net (fo=173, routed)         1.274    14.164    cyo_reg/CLK
    SLICE_X162Y176       FDRE                                         r  cyo_reg/FF_out_reg[0]/C
                         clock pessimism              0.215    14.379    
                         clock uncertainty           -0.035    14.344    
    SLICE_X162Y176       FDRE (Setup_fdre_C_D)       -0.147    14.197    cyo_reg/FF_out_reg[0]
  -------------------------------------------------------------------
                         required time                         14.197    
                         arrival time                         -10.180    
  -------------------------------------------------------------------
                         slack                                  4.017    

Slack (MET) :             4.094ns  (required time - arrival time)
  Source:                 m_reg/FF_out_reg/CLK
                            (rising edge-triggered cell DSP48E1 clocked by sys_clk_pin  {rise@0.000ns fall@5.000ns period=10.000ns})
  Destination:            p_reg/FF_out_reg[47]/D
                            (rising edge-triggered cell FDRE clocked by sys_clk_pin  {rise@0.000ns fall@5.000ns period=10.000ns})
  Path Group:             sys_clk_pin
  Path Type:              Setup (Max at Slow Process Corner)
  Requirement:            10.000ns  (sys_clk_pin rise@10.000ns - sys_clk_pin rise@0.000ns)
  Data Path Delay:        5.659ns  (logic 2.887ns (51.014%)  route 2.772ns (48.986%))
  Logic Levels:           15  (CARRY4=12 LUT3=1 LUT4=1 LUT6=1)
  Clock Path Skew:        -0.058ns (DCD - SCD + CPR)
    Destination Clock Delay (DCD):    4.175ns = ( 14.175 - 10.000 ) 
    Source Clock Delay      (SCD):    4.448ns
    Clock Pessimism Removal (CPR):    0.215ns
  Clock Uncertainty:      0.035ns  ((TSJ^2 + TIJ^2)^1/2 + DJ) / 2 + PE
    Total System Jitter     (TSJ):    0.071ns
    Total Input Jitter      (TIJ):    0.000ns
    Discrete Jitter          (DJ):    0.000ns
    Phase Error              (PE):    0.000ns

    Location             Delay type                Incr(ns)  Path(ns)    Netlist Resource(s)
  -------------------------------------------------------------------    -------------------
                         (clock sys_clk_pin rise edge)
                                                      0.000     0.000 r  
    W5                                                0.000     0.000 r  CLK (IN)
                         net (fo=0)                   0.000     0.000    CLK
    W5                   IBUF (Prop_ibuf_I_O)         1.371     1.371 r  CLK_IBUF_inst/O
                         net (fo=1, routed)           1.598     2.969    CLK_IBUF
    BUFGCTRL_X0Y0        BUFG (Prop_bufg_I_O)         0.076     3.045 r  CLK_IBUF_BUFG_inst/O
                         net (fo=173, routed)         1.403     4.448    m_reg/CLK
    DSP48_X8Y74          DSP48E1                                      r  m_reg/FF_out_reg/CLK
  -------------------------------------------------------------------    -------------------
    DSP48_X8Y74          DSP48E1 (Prop_dsp48e1_CLK_P[0])
                                                      0.329     4.777 r  m_reg/FF_out_reg/P[0]
                         net (fo=2, routed)           1.211     5.988    p_reg/M[0]
    SLICE_X162Y178       LUT6 (Prop_lut6_I3_O)        0.097     6.085 r  p_reg/FF_out[7]_i_18/O
                         net (fo=1, routed)           0.000     6.085    b1_reg/FF_out_reg[0]_0[0]
    SLICE_X162Y178       CARRY4 (Prop_carry4_S[0]_CO[3])
                                                      0.379     6.464 r  b1_reg/FF_out_reg[7]_i_14/CO[3]
                         net (fo=1, routed)           0.000     6.464    b1_reg/FF_out_reg[7]_i_14_n_0
    SLICE_X162Y179       CARRY4 (Prop_carry4_CI_CO[3])
                                                      0.092     6.556 r  b1_reg/FF_out_reg[11]_i_14/CO[3]
                         net (fo=1, routed)           0.000     6.556    b1_reg/FF_out_reg[11]_i_14_n_0
    SLICE_X162Y180       CARRY4 (Prop_carry4_CI_CO[3])
                                                      0.092     6.648 r  b1_reg/FF_out_reg[15]_i_14/CO[3]
                         net (fo=1, routed)           0.000     6.648    b1_reg/FF_out_reg[15]_i_14_n_0
    SLICE_X162Y181       CARRY4 (Prop_carry4_CI_CO[3])
                                                      0.092     6.740 r  b1_reg/FF_out_reg[19]_i_14/CO[3]
                         net (fo=1, routed)           0.000     6.740    b1_reg/FF_out_reg[19]_i_14_n_0
    SLICE_X162Y182       CARRY4 (Prop_carry4_CI_CO[3])
                                                      0.092     6.832 r  b1_reg/FF_out_reg[23]_i_14/CO[3]
                         net (fo=1, routed)           0.000     6.832    a1_reg/CO[0]
    SLICE_X162Y183       CARRY4 (Prop_carry4_CI_CO[3])
                                                      0.092     6.924 r  a1_reg/FF_out_reg[27]_i_14/CO[3]
                         net (fo=1, routed)           0.000     6.924    a1_reg/FF_out_reg[27]_i_14_n_0
    SLICE_X162Y184       CARRY4 (Prop_carry4_CI_CO[3])
                                                      0.092     7.016 r  a1_reg/FF_out_reg[31]_i_14/CO[3]
                         net (fo=1, routed)           0.000     7.016    a1_reg/FF_out_reg[31]_i_14_n_0
    SLICE_X162Y185       CARRY4 (Prop_carry4_CI_CO[3])
                                                      0.092     7.108 r  a1_reg/FF_out_reg[35]_i_14/CO[3]
                         net (fo=1, routed)           0.000     7.108    a1_reg/FF_out_reg[35]_i_14_n_0
    SLICE_X162Y186       CARRY4 (Prop_carry4_CI_CO[3])
                                                      0.092     7.200 r  a1_reg/FF_out_reg[39]_i_14/CO[3]
                         net (fo=1, routed)           0.000     7.200    p_reg/FF_out_reg[17]_0[0]
    SLICE_X162Y187       CARRY4 (Prop_carry4_CI_O[3])
                                                      0.237     7.437 r  p_reg/FF_out_reg[43]_i_14/O[3]
                         net (fo=2, routed)           0.549     7.986    c_reg/Post_AddSub1[39]
    SLICE_X163Y187       LUT3 (Prop_lut3_I2_O)        0.235     8.221 r  c_reg/FF_out[43]_i_5/O
                         net (fo=2, routed)           0.411     8.632    c_reg/FF_out[43]_i_5_n_0
    SLICE_X163Y188       LUT4 (Prop_lut4_I3_O)        0.245     8.877 r  c_reg/FF_out[43]_i_9/O
                         net (fo=1, routed)           0.000     8.877    c_reg/FF_out[43]_i_9_n_0
    SLICE_X163Y188       CARRY4 (Prop_carry4_S[0]_CO[3])
                                                      0.395     9.272 r  c_reg/FF_out_reg[43]_i_1/CO[3]
                         net (fo=1, routed)           0.000     9.272    c_reg/FF_out_reg[43]_i_1_n_0
    SLICE_X163Y189       CARRY4 (Prop_carry4_CI_O[3])
                                                      0.234     9.506 r  c_reg/FF_out_reg[47]_i_1/O[3]
                         net (fo=3, routed)           0.601    10.107    p_reg/D[47]
    SLICE_X162Y188       FDRE                                         r  p_reg/FF_out_reg[47]/D
  -------------------------------------------------------------------    -------------------

                         (clock sys_clk_pin rise edge)
                                                     10.000    10.000 r  
    W5                                                0.000    10.000 r  CLK (IN)
                         net (fo=0)                   0.000    10.000    CLK
    W5                   IBUF (Prop_ibuf_I_O)         1.304    11.304 r  CLK_IBUF_inst/O
                         net (fo=1, routed)           1.514    12.817    CLK_IBUF
    BUFGCTRL_X0Y0        BUFG (Prop_bufg_I_O)         0.072    12.889 r  CLK_IBUF_BUFG_inst/O
                         net (fo=173, routed)         1.285    14.175    p_reg/CLK
    SLICE_X162Y188       FDRE                                         r  p_reg/FF_out_reg[47]/C
                         clock pessimism              0.215    14.390    
                         clock uncertainty           -0.035    14.355    
    SLICE_X162Y188       FDRE (Setup_fdre_C_D)       -0.154    14.201    p_reg/FF_out_reg[47]
  -------------------------------------------------------------------
                         required time                         14.201    
                         arrival time                         -10.107    
  -------------------------------------------------------------------
                         slack                                  4.094    

Slack (MET) :             4.126ns  (required time - arrival time)
  Source:                 m_reg/FF_out_reg/CLK
                            (rising edge-triggered cell DSP48E1 clocked by sys_clk_pin  {rise@0.000ns fall@5.000ns period=10.000ns})
  Destination:            cyo_reg/FF_out_reg[0]_lopt_replica/D
                            (rising edge-triggered cell FDRE clocked by sys_clk_pin  {rise@0.000ns fall@5.000ns period=10.000ns})
  Path Group:             sys_clk_pin
  Path Type:              Setup (Max at Slow Process Corner)
  Requirement:            10.000ns  (sys_clk_pin rise@10.000ns - sys_clk_pin rise@0.000ns)
  Data Path Delay:        5.612ns  (logic 2.887ns (51.441%)  route 2.725ns (48.559%))
  Logic Levels:           15  (CARRY4=12 LUT3=1 LUT4=1 LUT6=1)
  Clock Path Skew:        -0.069ns (DCD - SCD + CPR)
    Destination Clock Delay (DCD):    4.164ns = ( 14.164 - 10.000 ) 
    Source Clock Delay      (SCD):    4.448ns
    Clock Pessimism Removal (CPR):    0.215ns
  Clock Uncertainty:      0.035ns  ((TSJ^2 + TIJ^2)^1/2 + DJ) / 2 + PE
    Total System Jitter     (TSJ):    0.071ns
    Total Input Jitter      (TIJ):    0.000ns
    Discrete Jitter          (DJ):    0.000ns
    Phase Error              (PE):    0.000ns

    Location             Delay type                Incr(ns)  Path(ns)    Netlist Resource(s)
  -------------------------------------------------------------------    -------------------
                         (clock sys_clk_pin rise edge)
                                                      0.000     0.000 r  
    W5                                                0.000     0.000 r  CLK (IN)
                         net (fo=0)                   0.000     0.000    CLK
    W5                   IBUF (Prop_ibuf_I_O)         1.371     1.371 r  CLK_IBUF_inst/O
                         net (fo=1, routed)           1.598     2.969    CLK_IBUF
    BUFGCTRL_X0Y0        BUFG (Prop_bufg_I_O)         0.076     3.045 r  CLK_IBUF_BUFG_inst/O
                         net (fo=173, routed)         1.403     4.448    m_reg/CLK
    DSP48_X8Y74          DSP48E1                                      r  m_reg/FF_out_reg/CLK
  -------------------------------------------------------------------    -------------------
    DSP48_X8Y74          DSP48E1 (Prop_dsp48e1_CLK_P[0])
                                                      0.329     4.777 r  m_reg/FF_out_reg/P[0]
                         net (fo=2, routed)           1.211     5.988    p_reg/M[0]
    SLICE_X162Y178       LUT6 (Prop_lut6_I3_O)        0.097     6.085 r  p_reg/FF_out[7]_i_18/O
                         net (fo=1, routed)           0.000     6.085    b1_reg/FF_out_reg[0]_0[0]
    SLICE_X162Y178       CARRY4 (Prop_carry4_S[0]_CO[3])
                                                      0.379     6.464 r  b1_reg/FF_out_reg[7]_i_14/CO[3]
                         net (fo=1, routed)           0.000     6.464    b1_reg/FF_out_reg[7]_i_14_n_0
    SLICE_X162Y179       CARRY4 (Prop_carry4_CI_CO[3])
                                                      0.092     6.556 r  b1_reg/FF_out_reg[11]_i_14/CO[3]
                         net (fo=1, routed)           0.000     6.556    b1_reg/FF_out_reg[11]_i_14_n_0
    SLICE_X162Y180       CARRY4 (Prop_carry4_CI_CO[3])
                                                      0.092     6.648 r  b1_reg/FF_out_reg[15]_i_14/CO[3]
                         net (fo=1, routed)           0.000     6.648    b1_reg/FF_out_reg[15]_i_14_n_0
    SLICE_X162Y181       CARRY4 (Prop_carry4_CI_CO[3])
                                                      0.092     6.740 r  b1_reg/FF_out_reg[19]_i_14/CO[3]
                         net (fo=1, routed)           0.000     6.740    b1_reg/FF_out_reg[19]_i_14_n_0
    SLICE_X162Y182       CARRY4 (Prop_carry4_CI_CO[3])
                                                      0.092     6.832 r  b1_reg/FF_out_reg[23]_i_14/CO[3]
                         net (fo=1, routed)           0.000     6.832    a1_reg/CO[0]
    SLICE_X162Y183       CARRY4 (Prop_carry4_CI_CO[3])
                                                      0.092     6.924 r  a1_reg/FF_out_reg[27]_i_14/CO[3]
                         net (fo=1, routed)           0.000     6.924    a1_reg/FF_out_reg[27]_i_14_n_0
    SLICE_X162Y184       CARRY4 (Prop_carry4_CI_CO[3])
                                                      0.092     7.016 r  a1_reg/FF_out_reg[31]_i_14/CO[3]
                         net (fo=1, routed)           0.000     7.016    a1_reg/FF_out_reg[31]_i_14_n_0
    SLICE_X162Y185       CARRY4 (Prop_carry4_CI_CO[3])
                                                      0.092     7.108 r  a1_reg/FF_out_reg[35]_i_14/CO[3]
                         net (fo=1, routed)           0.000     7.108    a1_reg/FF_out_reg[35]_i_14_n_0
    SLICE_X162Y186       CARRY4 (Prop_carry4_CI_CO[3])
                                                      0.092     7.200 r  a1_reg/FF_out_reg[39]_i_14/CO[3]
                         net (fo=1, routed)           0.000     7.200    p_reg/FF_out_reg[17]_0[0]
    SLICE_X162Y187       CARRY4 (Prop_carry4_CI_O[3])
                                                      0.237     7.437 r  p_reg/FF_out_reg[43]_i_14/O[3]
                         net (fo=2, routed)           0.549     7.986    c_reg/Post_AddSub1[39]
    SLICE_X163Y187       LUT3 (Prop_lut3_I2_O)        0.235     8.221 r  c_reg/FF_out[43]_i_5/O
                         net (fo=2, routed)           0.411     8.632    c_reg/FF_out[43]_i_5_n_0
    SLICE_X163Y188       LUT4 (Prop_lut4_I3_O)        0.245     8.877 r  c_reg/FF_out[43]_i_9/O
                         net (fo=1, routed)           0.000     8.877    c_reg/FF_out[43]_i_9_n_0
    SLICE_X163Y188       CARRY4 (Prop_carry4_S[0]_CO[3])
                                                      0.395     9.272 r  c_reg/FF_out_reg[43]_i_1/CO[3]
                         net (fo=1, routed)           0.000     9.272    c_reg/FF_out_reg[43]_i_1_n_0
    SLICE_X163Y189       CARRY4 (Prop_carry4_CI_O[3])
                                                      0.234     9.506 r  c_reg/FF_out_reg[47]_i_1/O[3]
                         net (fo=3, routed)           0.554    10.060    cyo_reg/D[0]
    SLICE_X162Y176       FDRE                                         r  cyo_reg/FF_out_reg[0]_lopt_replica/D
  -------------------------------------------------------------------    -------------------

                         (clock sys_clk_pin rise edge)
                                                     10.000    10.000 r  
    W5                                                0.000    10.000 r  CLK (IN)
                         net (fo=0)                   0.000    10.000    CLK
    W5                   IBUF (Prop_ibuf_I_O)         1.304    11.304 r  CLK_IBUF_inst/O
                         net (fo=1, routed)           1.514    12.817    CLK_IBUF
    BUFGCTRL_X0Y0        BUFG (Prop_bufg_I_O)         0.072    12.889 r  CLK_IBUF_BUFG_inst/O
                         net (fo=173, routed)         1.274    14.164    cyo_reg/CLK
    SLICE_X162Y176       FDRE                                         r  cyo_reg/FF_out_reg[0]_lopt_replica/C
                         clock pessimism              0.215    14.379    
                         clock uncertainty           -0.035    14.344    
    SLICE_X162Y176       FDRE (Setup_fdre_C_D)       -0.158    14.186    cyo_reg/FF_out_reg[0]_lopt_replica
  -------------------------------------------------------------------
                         required time                         14.186    
                         arrival time                         -10.060    
  -------------------------------------------------------------------
                         slack                                  4.126    

Slack (MET) :             4.910ns  (required time - arrival time)
  Source:                 m_reg/FF_out_reg/CLK
                            (rising edge-triggered cell DSP48E1 clocked by sys_clk_pin  {rise@0.000ns fall@5.000ns period=10.000ns})
  Destination:            p_reg/FF_out_reg[45]/D
                            (rising edge-triggered cell FDRE clocked by sys_clk_pin  {rise@0.000ns fall@5.000ns period=10.000ns})
  Path Group:             sys_clk_pin
  Path Type:              Setup (Max at Slow Process Corner)
  Requirement:            10.000ns  (sys_clk_pin rise@10.000ns - sys_clk_pin rise@0.000ns)
  Data Path Delay:        5.054ns  (logic 2.883ns (57.047%)  route 2.171ns (42.953%))
  Logic Levels:           15  (CARRY4=12 LUT3=1 LUT4=1 LUT6=1)
  Clock Path Skew:        -0.057ns (DCD - SCD + CPR)
    Destination Clock Delay (DCD):    4.176ns = ( 14.176 - 10.000 ) 
    Source Clock Delay      (SCD):    4.448ns
    Clock Pessimism Removal (CPR):    0.215ns
  Clock Uncertainty:      0.035ns  ((TSJ^2 + TIJ^2)^1/2 + DJ) / 2 + PE
    Total System Jitter     (TSJ):    0.071ns
    Total Input Jitter      (TIJ):    0.000ns
    Discrete Jitter          (DJ):    0.000ns
    Phase Error              (PE):    0.000ns

    Location             Delay type                Incr(ns)  Path(ns)    Netlist Resource(s)
  -------------------------------------------------------------------    -------------------
                         (clock sys_clk_pin rise edge)
                                                      0.000     0.000 r  
    W5                                                0.000     0.000 r  CLK (IN)
                         net (fo=0)                   0.000     0.000    CLK
    W5                   IBUF (Prop_ibuf_I_O)         1.371     1.371 r  CLK_IBUF_inst/O
                         net (fo=1, routed)           1.598     2.969    CLK_IBUF
    BUFGCTRL_X0Y0        BUFG (Prop_bufg_I_O)         0.076     3.045 r  CLK_IBUF_BUFG_inst/O
                         net (fo=173, routed)         1.403     4.448    m_reg/CLK
    DSP48_X8Y74          DSP48E1                                      r  m_reg/FF_out_reg/CLK
  -------------------------------------------------------------------    -------------------
    DSP48_X8Y74          DSP48E1 (Prop_dsp48e1_CLK_P[0])
                                                      0.329     4.777 r  m_reg/FF_out_reg/P[0]
                         net (fo=2, routed)           1.211     5.988    p_reg/M[0]
    SLICE_X162Y178       LUT6 (Prop_lut6_I3_O)        0.097     6.085 r  p_reg/FF_out[7]_i_18/O
                         net (fo=1, routed)           0.000     6.085    b1_reg/FF_out_reg[0]_0[0]
    SLICE_X162Y178       CARRY4 (Prop_carry4_S[0]_CO[3])
                                                      0.379     6.464 r  b1_reg/FF_out_reg[7]_i_14/CO[3]
                         net (fo=1, routed)           0.000     6.464    b1_reg/FF_out_reg[7]_i_14_n_0
    SLICE_X162Y179       CARRY4 (Prop_carry4_CI_CO[3])
                                                      0.092     6.556 r  b1_reg/FF_out_reg[11]_i_14/CO[3]
                         net (fo=1, routed)           0.000     6.556    b1_reg/FF_out_reg[11]_i_14_n_0
    SLICE_X162Y180       CARRY4 (Prop_carry4_CI_CO[3])
                                                      0.092     6.648 r  b1_reg/FF_out_reg[15]_i_14/CO[3]
                         net (fo=1, routed)           0.000     6.648    b1_reg/FF_out_reg[15]_i_14_n_0
    SLICE_X162Y181       CARRY4 (Prop_carry4_CI_CO[3])
                                                      0.092     6.740 r  b1_reg/FF_out_reg[19]_i_14/CO[3]
                         net (fo=1, routed)           0.000     6.740    b1_reg/FF_out_reg[19]_i_14_n_0
    SLICE_X162Y182       CARRY4 (Prop_carry4_CI_CO[3])
                                                      0.092     6.832 r  b1_reg/FF_out_reg[23]_i_14/CO[3]
                         net (fo=1, routed)           0.000     6.832    a1_reg/CO[0]
    SLICE_X162Y183       CARRY4 (Prop_carry4_CI_CO[3])
                                                      0.092     6.924 r  a1_reg/FF_out_reg[27]_i_14/CO[3]
                         net (fo=1, routed)           0.000     6.924    a1_reg/FF_out_reg[27]_i_14_n_0
    SLICE_X162Y184       CARRY4 (Prop_carry4_CI_CO[3])
                                                      0.092     7.016 r  a1_reg/FF_out_reg[31]_i_14/CO[3]
                         net (fo=1, routed)           0.000     7.016    a1_reg/FF_out_reg[31]_i_14_n_0
    SLICE_X162Y185       CARRY4 (Prop_carry4_CI_CO[3])
                                                      0.092     7.108 r  a1_reg/FF_out_reg[35]_i_14/CO[3]
                         net (fo=1, routed)           0.000     7.108    a1_reg/FF_out_reg[35]_i_14_n_0
    SLICE_X162Y186       CARRY4 (Prop_carry4_CI_CO[3])
                                                      0.092     7.200 r  a1_reg/FF_out_reg[39]_i_14/CO[3]
                         net (fo=1, routed)           0.000     7.200    p_reg/FF_out_reg[17]_0[0]
    SLICE_X162Y187       CARRY4 (Prop_carry4_CI_O[3])
                                                      0.237     7.437 r  p_reg/FF_out_reg[43]_i_14/O[3]
                         net (fo=2, routed)           0.549     7.986    c_reg/Post_AddSub1[39]
    SLICE_X163Y187       LUT3 (Prop_lut3_I2_O)        0.235     8.221 r  c_reg/FF_out[43]_i_5/O
                         net (fo=2, routed)           0.411     8.632    c_reg/FF_out[43]_i_5_n_0
    SLICE_X163Y188       LUT4 (Prop_lut4_I3_O)        0.245     8.877 r  c_reg/FF_out[43]_i_9/O
                         net (fo=1, routed)           0.000     8.877    c_reg/FF_out[43]_i_9_n_0
    SLICE_X163Y188       CARRY4 (Prop_carry4_S[0]_CO[3])
                                                      0.395     9.272 r  c_reg/FF_out_reg[43]_i_1/CO[3]
                         net (fo=1, routed)           0.000     9.272    c_reg/FF_out_reg[43]_i_1_n_0
    SLICE_X163Y189       CARRY4 (Prop_carry4_CI_O[1])
                                                      0.230     9.502 r  c_reg/FF_out_reg[47]_i_1/O[1]
                         net (fo=1, routed)           0.000     9.502    p_reg/D[45]
    SLICE_X163Y189       FDRE                                         r  p_reg/FF_out_reg[45]/D
  -------------------------------------------------------------------    -------------------

                         (clock sys_clk_pin rise edge)
                                                     10.000    10.000 r  
    W5                                                0.000    10.000 r  CLK (IN)
                         net (fo=0)                   0.000    10.000    CLK
    W5                   IBUF (Prop_ibuf_I_O)         1.304    11.304 r  CLK_IBUF_inst/O
                         net (fo=1, routed)           1.514    12.817    CLK_IBUF
    BUFGCTRL_X0Y0        BUFG (Prop_bufg_I_O)         0.072    12.889 r  CLK_IBUF_BUFG_inst/O
                         net (fo=173, routed)         1.286    14.176    p_reg/CLK
    SLICE_X163Y189       FDRE                                         r  p_reg/FF_out_reg[45]/C
                         clock pessimism              0.215    14.391    
                         clock uncertainty           -0.035    14.356    
    SLICE_X163Y189       FDRE (Setup_fdre_C_D)        0.056    14.412    p_reg/FF_out_reg[45]
  -------------------------------------------------------------------
                         required time                         14.412    
                         arrival time                          -9.502    
  -------------------------------------------------------------------
                         slack                                  4.910    

Slack (MET) :             4.959ns  (required time - arrival time)
  Source:                 m_reg/FF_out_reg/CLK
                            (rising edge-triggered cell DSP48E1 clocked by sys_clk_pin  {rise@0.000ns fall@5.000ns period=10.000ns})
  Destination:            p_reg/FF_out_reg[46]/D
                            (rising edge-triggered cell FDRE clocked by sys_clk_pin  {rise@0.000ns fall@5.000ns period=10.000ns})
  Path Group:             sys_clk_pin
  Path Type:              Setup (Max at Slow Process Corner)
  Requirement:            10.000ns  (sys_clk_pin rise@10.000ns - sys_clk_pin rise@0.000ns)
  Data Path Delay:        5.005ns  (logic 2.834ns (56.626%)  route 2.171ns (43.374%))
  Logic Levels:           15  (CARRY4=12 LUT3=1 LUT4=1 LUT6=1)
  Clock Path Skew:        -0.057ns (DCD - SCD + CPR)
    Destination Clock Delay (DCD):    4.176ns = ( 14.176 - 10.000 ) 
    Source Clock Delay      (SCD):    4.448ns
    Clock Pessimism Removal (CPR):    0.215ns
  Clock Uncertainty:      0.035ns  ((TSJ^2 + TIJ^2)^1/2 + DJ) / 2 + PE
    Total System Jitter     (TSJ):    0.071ns
    Total Input Jitter      (TIJ):    0.000ns
    Discrete Jitter          (DJ):    0.000ns
    Phase Error              (PE):    0.000ns

    Location             Delay type                Incr(ns)  Path(ns)    Netlist Resource(s)
  -------------------------------------------------------------------    -------------------
                         (clock sys_clk_pin rise edge)
                                                      0.000     0.000 r  
    W5                                                0.000     0.000 r  CLK (IN)
                         net (fo=0)                   0.000     0.000    CLK
    W5                   IBUF (Prop_ibuf_I_O)         1.371     1.371 r  CLK_IBUF_inst/O
                         net (fo=1, routed)           1.598     2.969    CLK_IBUF
    BUFGCTRL_X0Y0        BUFG (Prop_bufg_I_O)         0.076     3.045 r  CLK_IBUF_BUFG_inst/O
                         net (fo=173, routed)         1.403     4.448    m_reg/CLK
    DSP48_X8Y74          DSP48E1                                      r  m_reg/FF_out_reg/CLK
  -------------------------------------------------------------------    -------------------
    DSP48_X8Y74          DSP48E1 (Prop_dsp48e1_CLK_P[0])
                                                      0.329     4.777 r  m_reg/FF_out_reg/P[0]
                         net (fo=2, routed)           1.211     5.988    p_reg/M[0]
    SLICE_X162Y178       LUT6 (Prop_lut6_I3_O)        0.097     6.085 r  p_reg/FF_out[7]_i_18/O
                         net (fo=1, routed)           0.000     6.085    b1_reg/FF_out_reg[0]_0[0]
    SLICE_X162Y178       CARRY4 (Prop_carry4_S[0]_CO[3])
                                                      0.379     6.464 r  b1_reg/FF_out_reg[7]_i_14/CO[3]
                         net (fo=1, routed)           0.000     6.464    b1_reg/FF_out_reg[7]_i_14_n_0
    SLICE_X162Y179       CARRY4 (Prop_carry4_CI_CO[3])
                                                      0.092     6.556 r  b1_reg/FF_out_reg[11]_i_14/CO[3]
                         net (fo=1, routed)           0.000     6.556    b1_reg/FF_out_reg[11]_i_14_n_0
    SLICE_X162Y180       CARRY4 (Prop_carry4_CI_CO[3])
                                                      0.092     6.648 r  b1_reg/FF_out_reg[15]_i_14/CO[3]
                         net (fo=1, routed)           0.000     6.648    b1_reg/FF_out_reg[15]_i_14_n_0
    SLICE_X162Y181       CARRY4 (Prop_carry4_CI_CO[3])
                                                      0.092     6.740 r  b1_reg/FF_out_reg[19]_i_14/CO[3]
                         net (fo=1, routed)           0.000     6.740    b1_reg/FF_out_reg[19]_i_14_n_0
    SLICE_X162Y182       CARRY4 (Prop_carry4_CI_CO[3])
                                                      0.092     6.832 r  b1_reg/FF_out_reg[23]_i_14/CO[3]
                         net (fo=1, routed)           0.000     6.832    a1_reg/CO[0]
    SLICE_X162Y183       CARRY4 (Prop_carry4_CI_CO[3])
                                                      0.092     6.924 r  a1_reg/FF_out_reg[27]_i_14/CO[3]
                         net (fo=1, routed)           0.000     6.924    a1_reg/FF_out_reg[27]_i_14_n_0
    SLICE_X162Y184       CARRY4 (Prop_carry4_CI_CO[3])
                                                      0.092     7.016 r  a1_reg/FF_out_reg[31]_i_14/CO[3]
                         net (fo=1, routed)           0.000     7.016    a1_reg/FF_out_reg[31]_i_14_n_0
    SLICE_X162Y185       CARRY4 (Prop_carry4_CI_CO[3])
                                                      0.092     7.108 r  a1_reg/FF_out_reg[35]_i_14/CO[3]
                         net (fo=1, routed)           0.000     7.108    a1_reg/FF_out_reg[35]_i_14_n_0
    SLICE_X162Y186       CARRY4 (Prop_carry4_CI_CO[3])
                                                      0.092     7.200 r  a1_reg/FF_out_reg[39]_i_14/CO[3]
                         net (fo=1, routed)           0.000     7.200    p_reg/FF_out_reg[17]_0[0]
    SLICE_X162Y187       CARRY4 (Prop_carry4_CI_O[3])
                                                      0.237     7.437 r  p_reg/FF_out_reg[43]_i_14/O[3]
                         net (fo=2, routed)           0.549     7.986    c_reg/Post_AddSub1[39]
    SLICE_X163Y187       LUT3 (Prop_lut3_I2_O)        0.235     8.221 r  c_reg/FF_out[43]_i_5/O
                         net (fo=2, routed)           0.411     8.632    c_reg/FF_out[43]_i_5_n_0
    SLICE_X163Y188       LUT4 (Prop_lut4_I3_O)        0.245     8.877 r  c_reg/FF_out[43]_i_9/O
                         net (fo=1, routed)           0.000     8.877    c_reg/FF_out[43]_i_9_n_0
    SLICE_X163Y188       CARRY4 (Prop_carry4_S[0]_CO[3])
                                                      0.395     9.272 r  c_reg/FF_out_reg[43]_i_1/CO[3]
                         net (fo=1, routed)           0.000     9.272    c_reg/FF_out_reg[43]_i_1_n_0
    SLICE_X163Y189       CARRY4 (Prop_carry4_CI_O[2])
                                                      0.181     9.453 r  c_reg/FF_out_reg[47]_i_1/O[2]
                         net (fo=1, routed)           0.000     9.453    p_reg/D[46]
    SLICE_X163Y189       FDRE                                         r  p_reg/FF_out_reg[46]/D
  -------------------------------------------------------------------    -------------------

                         (clock sys_clk_pin rise edge)
                                                     10.000    10.000 r  
    W5                                                0.000    10.000 r  CLK (IN)
                         net (fo=0)                   0.000    10.000    CLK
    W5                   IBUF (Prop_ibuf_I_O)         1.304    11.304 r  CLK_IBUF_inst/O
                         net (fo=1, routed)           1.514    12.817    CLK_IBUF
    BUFGCTRL_X0Y0        BUFG (Prop_bufg_I_O)         0.072    12.889 r  CLK_IBUF_BUFG_inst/O
                         net (fo=173, routed)         1.286    14.176    p_reg/CLK
    SLICE_X163Y189       FDRE                                         r  p_reg/FF_out_reg[46]/C
                         clock pessimism              0.215    14.391    
                         clock uncertainty           -0.035    14.356    
    SLICE_X163Y189       FDRE (Setup_fdre_C_D)        0.056    14.412    p_reg/FF_out_reg[46]
  -------------------------------------------------------------------
                         required time                         14.412    
                         arrival time                          -9.453    
  -------------------------------------------------------------------
                         slack                                  4.959    

Slack (MET) :             4.981ns  (required time - arrival time)
  Source:                 m_reg/FF_out_reg/CLK
                            (rising edge-triggered cell DSP48E1 clocked by sys_clk_pin  {rise@0.000ns fall@5.000ns period=10.000ns})
  Destination:            p_reg/FF_out_reg[44]/D
                            (rising edge-triggered cell FDRE clocked by sys_clk_pin  {rise@0.000ns fall@5.000ns period=10.000ns})
  Path Group:             sys_clk_pin
  Path Type:              Setup (Max at Slow Process Corner)
  Requirement:            10.000ns  (sys_clk_pin rise@10.000ns - sys_clk_pin rise@0.000ns)
  Data Path Delay:        4.983ns  (logic 2.812ns (56.435%)  route 2.171ns (43.565%))
  Logic Levels:           15  (CARRY4=12 LUT3=1 LUT4=1 LUT6=1)
  Clock Path Skew:        -0.057ns (DCD - SCD + CPR)
    Destination Clock Delay (DCD):    4.176ns = ( 14.176 - 10.000 ) 
    Source Clock Delay      (SCD):    4.448ns
    Clock Pessimism Removal (CPR):    0.215ns
  Clock Uncertainty:      0.035ns  ((TSJ^2 + TIJ^2)^1/2 + DJ) / 2 + PE
    Total System Jitter     (TSJ):    0.071ns
    Total Input Jitter      (TIJ):    0.000ns
    Discrete Jitter          (DJ):    0.000ns
    Phase Error              (PE):    0.000ns

    Location             Delay type                Incr(ns)  Path(ns)    Netlist Resource(s)
  -------------------------------------------------------------------    -------------------
                         (clock sys_clk_pin rise edge)
                                                      0.000     0.000 r  
    W5                                                0.000     0.000 r  CLK (IN)
                         net (fo=0)                   0.000     0.000    CLK
    W5                   IBUF (Prop_ibuf_I_O)         1.371     1.371 r  CLK_IBUF_inst/O
                         net (fo=1, routed)           1.598     2.969    CLK_IBUF
    BUFGCTRL_X0Y0        BUFG (Prop_bufg_I_O)         0.076     3.045 r  CLK_IBUF_BUFG_inst/O
                         net (fo=173, routed)         1.403     4.448    m_reg/CLK
    DSP48_X8Y74          DSP48E1                                      r  m_reg/FF_out_reg/CLK
  -------------------------------------------------------------------    -------------------
    DSP48_X8Y74          DSP48E1 (Prop_dsp48e1_CLK_P[0])
                                                      0.329     4.777 r  m_reg/FF_out_reg/P[0]
                         net (fo=2, routed)           1.211     5.988    p_reg/M[0]
    SLICE_X162Y178       LUT6 (Prop_lut6_I3_O)        0.097     6.085 r  p_reg/FF_out[7]_i_18/O
                         net (fo=1, routed)           0.000     6.085    b1_reg/FF_out_reg[0]_0[0]
    SLICE_X162Y178       CARRY4 (Prop_carry4_S[0]_CO[3])
                                                      0.379     6.464 r  b1_reg/FF_out_reg[7]_i_14/CO[3]
                         net (fo=1, routed)           0.000     6.464    b1_reg/FF_out_reg[7]_i_14_n_0
    SLICE_X162Y179       CARRY4 (Prop_carry4_CI_CO[3])
                                                      0.092     6.556 r  b1_reg/FF_out_reg[11]_i_14/CO[3]
                         net (fo=1, routed)           0.000     6.556    b1_reg/FF_out_reg[11]_i_14_n_0
    SLICE_X162Y180       CARRY4 (Prop_carry4_CI_CO[3])
                                                      0.092     6.648 r  b1_reg/FF_out_reg[15]_i_14/CO[3]
                         net (fo=1, routed)           0.000     6.648    b1_reg/FF_out_reg[15]_i_14_n_0
    SLICE_X162Y181       CARRY4 (Prop_carry4_CI_CO[3])
                                                      0.092     6.740 r  b1_reg/FF_out_reg[19]_i_14/CO[3]
                         net (fo=1, routed)           0.000     6.740    b1_reg/FF_out_reg[19]_i_14_n_0
    SLICE_X162Y182       CARRY4 (Prop_carry4_CI_CO[3])
                                                      0.092     6.832 r  b1_reg/FF_out_reg[23]_i_14/CO[3]
                         net (fo=1, routed)           0.000     6.832    a1_reg/CO[0]
    SLICE_X162Y183       CARRY4 (Prop_carry4_CI_CO[3])
                                                      0.092     6.924 r  a1_reg/FF_out_reg[27]_i_14/CO[3]
                         net (fo=1, routed)           0.000     6.924    a1_reg/FF_out_reg[27]_i_14_n_0
    SLICE_X162Y184       CARRY4 (Prop_carry4_CI_CO[3])
                                                      0.092     7.016 r  a1_reg/FF_out_reg[31]_i_14/CO[3]
                         net (fo=1, routed)           0.000     7.016    a1_reg/FF_out_reg[31]_i_14_n_0
    SLICE_X162Y185       CARRY4 (Prop_carry4_CI_CO[3])
                                                      0.092     7.108 r  a1_reg/FF_out_reg[35]_i_14/CO[3]
                         net (fo=1, routed)           0.000     7.108    a1_reg/FF_out_reg[35]_i_14_n_0
    SLICE_X162Y186       CARRY4 (Prop_carry4_CI_CO[3])
                                                      0.092     7.200 r  a1_reg/FF_out_reg[39]_i_14/CO[3]
                         net (fo=1, routed)           0.000     7.200    p_reg/FF_out_reg[17]_0[0]
    SLICE_X162Y187       CARRY4 (Prop_carry4_CI_O[3])
                                                      0.237     7.437 r  p_reg/FF_out_reg[43]_i_14/O[3]
                         net (fo=2, routed)           0.549     7.986    c_reg/Post_AddSub1[39]
    SLICE_X163Y187       LUT3 (Prop_lut3_I2_O)        0.235     8.221 r  c_reg/FF_out[43]_i_5/O
                         net (fo=2, routed)           0.411     8.632    c_reg/FF_out[43]_i_5_n_0
    SLICE_X163Y188       LUT4 (Prop_lut4_I3_O)        0.245     8.877 r  c_reg/FF_out[43]_i_9/O
                         net (fo=1, routed)           0.000     8.877    c_reg/FF_out[43]_i_9_n_0
    SLICE_X163Y188       CARRY4 (Prop_carry4_S[0]_CO[3])
                                                      0.395     9.272 r  c_reg/FF_out_reg[43]_i_1/CO[3]
                         net (fo=1, routed)           0.000     9.272    c_reg/FF_out_reg[43]_i_1_n_0
    SLICE_X163Y189       CARRY4 (Prop_carry4_CI_O[0])
                                                      0.159     9.431 r  c_reg/FF_out_reg[47]_i_1/O[0]
                         net (fo=1, routed)           0.000     9.431    p_reg/D[44]
    SLICE_X163Y189       FDRE                                         r  p_reg/FF_out_reg[44]/D
  -------------------------------------------------------------------    -------------------

                         (clock sys_clk_pin rise edge)
                                                     10.000    10.000 r  
    W5                                                0.000    10.000 r  CLK (IN)
                         net (fo=0)                   0.000    10.000    CLK
    W5                   IBUF (Prop_ibuf_I_O)         1.304    11.304 r  CLK_IBUF_inst/O
                         net (fo=1, routed)           1.514    12.817    CLK_IBUF
    BUFGCTRL_X0Y0        BUFG (Prop_bufg_I_O)         0.072    12.889 r  CLK_IBUF_BUFG_inst/O
                         net (fo=173, routed)         1.286    14.176    p_reg/CLK
    SLICE_X163Y189       FDRE                                         r  p_reg/FF_out_reg[44]/C
                         clock pessimism              0.215    14.391    
                         clock uncertainty           -0.035    14.356    
    SLICE_X163Y189       FDRE (Setup_fdre_C_D)        0.056    14.412    p_reg/FF_out_reg[44]
  -------------------------------------------------------------------
                         required time                         14.412    
                         arrival time                          -9.431    
  -------------------------------------------------------------------
                         slack                                  4.981    

Slack (MET) :             5.031ns  (required time - arrival time)
  Source:                 m_reg/FF_out_reg/CLK
                            (rising edge-triggered cell DSP48E1 clocked by sys_clk_pin  {rise@0.000ns fall@5.000ns period=10.000ns})
  Destination:            p_reg/FF_out_reg[43]/D
                            (rising edge-triggered cell FDRE clocked by sys_clk_pin  {rise@0.000ns fall@5.000ns period=10.000ns})
  Path Group:             sys_clk_pin
  Path Type:              Setup (Max at Slow Process Corner)
  Requirement:            10.000ns  (sys_clk_pin rise@10.000ns - sys_clk_pin rise@0.000ns)
  Data Path Delay:        4.932ns  (logic 2.640ns (53.532%)  route 2.292ns (46.468%))
  Logic Levels:           15  (CARRY4=12 LUT3=1 LUT4=1 LUT6=1)
  Clock Path Skew:        -0.058ns (DCD - SCD + CPR)
    Destination Clock Delay (DCD):    4.175ns = ( 14.175 - 10.000 ) 
    Source Clock Delay      (SCD):    4.448ns
    Clock Pessimism Removal (CPR):    0.215ns
  Clock Uncertainty:      0.035ns  ((TSJ^2 + TIJ^2)^1/2 + DJ) / 2 + PE
    Total System Jitter     (TSJ):    0.071ns
    Total Input Jitter      (TIJ):    0.000ns
    Discrete Jitter          (DJ):    0.000ns
    Phase Error              (PE):    0.000ns

    Location             Delay type                Incr(ns)  Path(ns)    Netlist Resource(s)
  -------------------------------------------------------------------    -------------------
                         (clock sys_clk_pin rise edge)
                                                      0.000     0.000 r  
    W5                                                0.000     0.000 r  CLK (IN)
                         net (fo=0)                   0.000     0.000    CLK
    W5                   IBUF (Prop_ibuf_I_O)         1.371     1.371 r  CLK_IBUF_inst/O
                         net (fo=1, routed)           1.598     2.969    CLK_IBUF
    BUFGCTRL_X0Y0        BUFG (Prop_bufg_I_O)         0.076     3.045 r  CLK_IBUF_BUFG_inst/O
                         net (fo=173, routed)         1.403     4.448    m_reg/CLK
    DSP48_X8Y74          DSP48E1                                      r  m_reg/FF_out_reg/CLK
  -------------------------------------------------------------------    -------------------
    DSP48_X8Y74          DSP48E1 (Prop_dsp48e1_CLK_P[0])
                                                      0.329     4.777 r  m_reg/FF_out_reg/P[0]
                         net (fo=2, routed)           1.211     5.988    p_reg/M[0]
    SLICE_X162Y178       LUT6 (Prop_lut6_I3_O)        0.097     6.085 r  p_reg/FF_out[7]_i_18/O
                         net (fo=1, routed)           0.000     6.085    b1_reg/FF_out_reg[0]_0[0]
    SLICE_X162Y178       CARRY4 (Prop_carry4_S[0]_O[2])
                                                      0.406     6.491 r  b1_reg/FF_out_reg[7]_i_14/O[2]
                         net (fo=2, routed)           0.549     7.039    c_reg/Post_AddSub1[2]
    SLICE_X163Y178       LUT3 (Prop_lut3_I2_O)        0.234     7.273 r  c_reg/FF_out[3]_i_2/O
                         net (fo=2, routed)           0.532     7.806    c_reg/FF_out[3]_i_2_n_0
    SLICE_X163Y178       LUT4 (Prop_lut4_I3_O)        0.240     8.046 r  c_reg/FF_out[3]_i_5__0/O
                         net (fo=1, routed)           0.000     8.046    c_reg/FF_out[3]_i_5__0_n_0
    SLICE_X163Y178       CARRY4 (Prop_carry4_S[3]_CO[3])
                                                      0.299     8.345 r  c_reg/FF_out_reg[3]_i_1/CO[3]
                         net (fo=1, routed)           0.000     8.345    c_reg/FF_out_reg[3]_i_1_n_0
    SLICE_X163Y179       CARRY4 (Prop_carry4_CI_CO[3])
                                                      0.089     8.434 r  c_reg/FF_out_reg[7]_i_1/CO[3]
                         net (fo=1, routed)           0.000     8.434    c_reg/FF_out_reg[7]_i_1_n_0
    SLICE_X163Y180       CARRY4 (Prop_carry4_CI_CO[3])
                                                      0.089     8.523 r  c_reg/FF_out_reg[11]_i_1/CO[3]
                         net (fo=1, routed)           0.000     8.523    c_reg/FF_out_reg[11]_i_1_n_0
    SLICE_X163Y181       CARRY4 (Prop_carry4_CI_CO[3])
                                                      0.089     8.612 r  c_reg/FF_out_reg[15]_i_1/CO[3]
                         net (fo=1, routed)           0.000     8.612    c_reg/FF_out_reg[15]_i_1_n_0
    SLICE_X163Y182       CARRY4 (Prop_carry4_CI_CO[3])
                                                      0.089     8.701 r  c_reg/FF_out_reg[19]_i_1/CO[3]
                         net (fo=1, routed)           0.000     8.701    c_reg/FF_out_reg[19]_i_1_n_0
    SLICE_X163Y183       CARRY4 (Prop_carry4_CI_CO[3])
                                                      0.089     8.790 r  c_reg/FF_out_reg[23]_i_1/CO[3]
                         net (fo=1, routed)           0.000     8.790    c_reg/FF_out_reg[23]_i_1_n_0
    SLICE_X163Y184       CARRY4 (Prop_carry4_CI_CO[3])
                                                      0.089     8.879 r  c_reg/FF_out_reg[27]_i_1/CO[3]
                         net (fo=1, routed)           0.000     8.879    c_reg/FF_out_reg[27]_i_1_n_0
    SLICE_X163Y185       CARRY4 (Prop_carry4_CI_CO[3])
                                                      0.089     8.968 r  c_reg/FF_out_reg[31]_i_1/CO[3]
                         net (fo=1, routed)           0.000     8.968    c_reg/FF_out_reg[31]_i_1_n_0
    SLICE_X163Y186       CARRY4 (Prop_carry4_CI_CO[3])
                                                      0.089     9.057 r  c_reg/FF_out_reg[35]_i_1/CO[3]
                         net (fo=1, routed)           0.000     9.057    c_reg/FF_out_reg[35]_i_1_n_0
    SLICE_X163Y187       CARRY4 (Prop_carry4_CI_CO[3])
                                                      0.089     9.146 r  c_reg/FF_out_reg[39]_i_1/CO[3]
                         net (fo=1, routed)           0.000     9.146    c_reg/FF_out_reg[39]_i_1_n_0
    SLICE_X163Y188       CARRY4 (Prop_carry4_CI_O[3])
                                                      0.234     9.380 r  c_reg/FF_out_reg[43]_i_1/O[3]
                         net (fo=1, routed)           0.000     9.380    p_reg/D[43]
    SLICE_X163Y188       FDRE                                         r  p_reg/FF_out_reg[43]/D
  -------------------------------------------------------------------    -------------------

                         (clock sys_clk_pin rise edge)
                                                     10.000    10.000 r  
    W5                                                0.000    10.000 r  CLK (IN)
                         net (fo=0)                   0.000    10.000    CLK
    W5                   IBUF (Prop_ibuf_I_O)         1.304    11.304 r  CLK_IBUF_inst/O
                         net (fo=1, routed)           1.514    12.817    CLK_IBUF
    BUFGCTRL_X0Y0        BUFG (Prop_bufg_I_O)         0.072    12.889 r  CLK_IBUF_BUFG_inst/O
                         net (fo=173, routed)         1.285    14.175    p_reg/CLK
    SLICE_X163Y188       FDRE                                         r  p_reg/FF_out_reg[43]/C
                         clock pessimism              0.215    14.390    
                         clock uncertainty           -0.035    14.355    
    SLICE_X163Y188       FDRE (Setup_fdre_C_D)        0.056    14.411    p_reg/FF_out_reg[43]
  -------------------------------------------------------------------
                         required time                         14.411    
                         arrival time                          -9.380    
  -------------------------------------------------------------------
                         slack                                  5.031    

Slack (MET) :             5.035ns  (required time - arrival time)
  Source:                 m_reg/FF_out_reg/CLK
                            (rising edge-triggered cell DSP48E1 clocked by sys_clk_pin  {rise@0.000ns fall@5.000ns period=10.000ns})
  Destination:            p_reg/FF_out_reg[41]/D
                            (rising edge-triggered cell FDRE clocked by sys_clk_pin  {rise@0.000ns fall@5.000ns period=10.000ns})
  Path Group:             sys_clk_pin
  Path Type:              Setup (Max at Slow Process Corner)
  Requirement:            10.000ns  (sys_clk_pin rise@10.000ns - sys_clk_pin rise@0.000ns)
  Data Path Delay:        4.928ns  (logic 2.636ns (53.494%)  route 2.292ns (46.506%))
  Logic Levels:           15  (CARRY4=12 LUT3=1 LUT4=1 LUT6=1)
  Clock Path Skew:        -0.058ns (DCD - SCD + CPR)
    Destination Clock Delay (DCD):    4.175ns = ( 14.175 - 10.000 ) 
    Source Clock Delay      (SCD):    4.448ns
    Clock Pessimism Removal (CPR):    0.215ns
  Clock Uncertainty:      0.035ns  ((TSJ^2 + TIJ^2)^1/2 + DJ) / 2 + PE
    Total System Jitter     (TSJ):    0.071ns
    Total Input Jitter      (TIJ):    0.000ns
    Discrete Jitter          (DJ):    0.000ns
    Phase Error              (PE):    0.000ns

    Location             Delay type                Incr(ns)  Path(ns)    Netlist Resource(s)
  -------------------------------------------------------------------    -------------------
                         (clock sys_clk_pin rise edge)
                                                      0.000     0.000 r  
    W5                                                0.000     0.000 r  CLK (IN)
                         net (fo=0)                   0.000     0.000    CLK
    W5                   IBUF (Prop_ibuf_I_O)         1.371     1.371 r  CLK_IBUF_inst/O
                         net (fo=1, routed)           1.598     2.969    CLK_IBUF
    BUFGCTRL_X0Y0        BUFG (Prop_bufg_I_O)         0.076     3.045 r  CLK_IBUF_BUFG_inst/O
                         net (fo=173, routed)         1.403     4.448    m_reg/CLK
    DSP48_X8Y74          DSP48E1                                      r  m_reg/FF_out_reg/CLK
  -------------------------------------------------------------------    -------------------
    DSP48_X8Y74          DSP48E1 (Prop_dsp48e1_CLK_P[0])
                                                      0.329     4.777 r  m_reg/FF_out_reg/P[0]
                         net (fo=2, routed)           1.211     5.988    p_reg/M[0]
    SLICE_X162Y178       LUT6 (Prop_lut6_I3_O)        0.097     6.085 r  p_reg/FF_out[7]_i_18/O
                         net (fo=1, routed)           0.000     6.085    b1_reg/FF_out_reg[0]_0[0]
    SLICE_X162Y178       CARRY4 (Prop_carry4_S[0]_O[2])
                                                      0.406     6.491 r  b1_reg/FF_out_reg[7]_i_14/O[2]
                         net (fo=2, routed)           0.549     7.039    c_reg/Post_AddSub1[2]
    SLICE_X163Y178       LUT3 (Prop_lut3_I2_O)        0.234     7.273 r  c_reg/FF_out[3]_i_2/O
                         net (fo=2, routed)           0.532     7.806    c_reg/FF_out[3]_i_2_n_0
    SLICE_X163Y178       LUT4 (Prop_lut4_I3_O)        0.240     8.046 r  c_reg/FF_out[3]_i_5__0/O
                         net (fo=1, routed)           0.000     8.046    c_reg/FF_out[3]_i_5__0_n_0
    SLICE_X163Y178       CARRY4 (Prop_carry4_S[3]_CO[3])
                                                      0.299     8.345 r  c_reg/FF_out_reg[3]_i_1/CO[3]
                         net (fo=1, routed)           0.000     8.345    c_reg/FF_out_reg[3]_i_1_n_0
    SLICE_X163Y179       CARRY4 (Prop_carry4_CI_CO[3])
                                                      0.089     8.434 r  c_reg/FF_out_reg[7]_i_1/CO[3]
                         net (fo=1, routed)           0.000     8.434    c_reg/FF_out_reg[7]_i_1_n_0
    SLICE_X163Y180       CARRY4 (Prop_carry4_CI_CO[3])
                                                      0.089     8.523 r  c_reg/FF_out_reg[11]_i_1/CO[3]
                         net (fo=1, routed)           0.000     8.523    c_reg/FF_out_reg[11]_i_1_n_0
    SLICE_X163Y181       CARRY4 (Prop_carry4_CI_CO[3])
                                                      0.089     8.612 r  c_reg/FF_out_reg[15]_i_1/CO[3]
                         net (fo=1, routed)           0.000     8.612    c_reg/FF_out_reg[15]_i_1_n_0
    SLICE_X163Y182       CARRY4 (Prop_carry4_CI_CO[3])
                                                      0.089     8.701 r  c_reg/FF_out_reg[19]_i_1/CO[3]
                         net (fo=1, routed)           0.000     8.701    c_reg/FF_out_reg[19]_i_1_n_0
    SLICE_X163Y183       CARRY4 (Prop_carry4_CI_CO[3])
                                                      0.089     8.790 r  c_reg/FF_out_reg[23]_i_1/CO[3]
                         net (fo=1, routed)           0.000     8.790    c_reg/FF_out_reg[23]_i_1_n_0
    SLICE_X163Y184       CARRY4 (Prop_carry4_CI_CO[3])
                                                      0.089     8.879 r  c_reg/FF_out_reg[27]_i_1/CO[3]
                         net (fo=1, routed)           0.000     8.879    c_reg/FF_out_reg[27]_i_1_n_0
    SLICE_X163Y185       CARRY4 (Prop_carry4_CI_CO[3])
                                                      0.089     8.968 r  c_reg/FF_out_reg[31]_i_1/CO[3]
                         net (fo=1, routed)           0.000     8.968    c_reg/FF_out_reg[31]_i_1_n_0
    SLICE_X163Y186       CARRY4 (Prop_carry4_CI_CO[3])
                                                      0.089     9.057 r  c_reg/FF_out_reg[35]_i_1/CO[3]
                         net (fo=1, routed)           0.000     9.057    c_reg/FF_out_reg[35]_i_1_n_0
    SLICE_X163Y187       CARRY4 (Prop_carry4_CI_CO[3])
                                                      0.089     9.146 r  c_reg/FF_out_reg[39]_i_1/CO[3]
                         net (fo=1, routed)           0.000     9.146    c_reg/FF_out_reg[39]_i_1_n_0
    SLICE_X163Y188       CARRY4 (Prop_carry4_CI_O[1])
                                                      0.230     9.376 r  c_reg/FF_out_reg[43]_i_1/O[1]
                         net (fo=1, routed)           0.000     9.376    p_reg/D[41]
    SLICE_X163Y188       FDRE                                         r  p_reg/FF_out_reg[41]/D
  -------------------------------------------------------------------    -------------------

                         (clock sys_clk_pin rise edge)
                                                     10.000    10.000 r  
    W5                                                0.000    10.000 r  CLK (IN)
                         net (fo=0)                   0.000    10.000    CLK
    W5                   IBUF (Prop_ibuf_I_O)         1.304    11.304 r  CLK_IBUF_inst/O
                         net (fo=1, routed)           1.514    12.817    CLK_IBUF
    BUFGCTRL_X0Y0        BUFG (Prop_bufg_I_O)         0.072    12.889 r  CLK_IBUF_BUFG_inst/O
                         net (fo=173, routed)         1.285    14.175    p_reg/CLK
    SLICE_X163Y188       FDRE                                         r  p_reg/FF_out_reg[41]/C
                         clock pessimism              0.215    14.390    
                         clock uncertainty           -0.035    14.355    
    SLICE_X163Y188       FDRE (Setup_fdre_C_D)        0.056    14.411    p_reg/FF_out_reg[41]
  -------------------------------------------------------------------
                         required time                         14.411    
                         arrival time                          -9.376    
  -------------------------------------------------------------------
                         slack                                  5.035    

Slack (MET) :             5.084ns  (required time - arrival time)
  Source:                 m_reg/FF_out_reg/CLK
                            (rising edge-triggered cell DSP48E1 clocked by sys_clk_pin  {rise@0.000ns fall@5.000ns period=10.000ns})
  Destination:            p_reg/FF_out_reg[42]/D
                            (rising edge-triggered cell FDRE clocked by sys_clk_pin  {rise@0.000ns fall@5.000ns period=10.000ns})
  Path Group:             sys_clk_pin
  Path Type:              Setup (Max at Slow Process Corner)
  Requirement:            10.000ns  (sys_clk_pin rise@10.000ns - sys_clk_pin rise@0.000ns)
  Data Path Delay:        4.879ns  (logic 2.587ns (53.027%)  route 2.292ns (46.973%))
  Logic Levels:           15  (CARRY4=12 LUT3=1 LUT4=1 LUT6=1)
  Clock Path Skew:        -0.058ns (DCD - SCD + CPR)
    Destination Clock Delay (DCD):    4.175ns = ( 14.175 - 10.000 ) 
    Source Clock Delay      (SCD):    4.448ns
    Clock Pessimism Removal (CPR):    0.215ns
  Clock Uncertainty:      0.035ns  ((TSJ^2 + TIJ^2)^1/2 + DJ) / 2 + PE
    Total System Jitter     (TSJ):    0.071ns
    Total Input Jitter      (TIJ):    0.000ns
    Discrete Jitter          (DJ):    0.000ns
    Phase Error              (PE):    0.000ns

    Location             Delay type                Incr(ns)  Path(ns)    Netlist Resource(s)
  -------------------------------------------------------------------    -------------------
                         (clock sys_clk_pin rise edge)
                                                      0.000     0.000 r  
    W5                                                0.000     0.000 r  CLK (IN)
                         net (fo=0)                   0.000     0.000    CLK
    W5                   IBUF (Prop_ibuf_I_O)         1.371     1.371 r  CLK_IBUF_inst/O
                         net (fo=1, routed)           1.598     2.969    CLK_IBUF
    BUFGCTRL_X0Y0        BUFG (Prop_bufg_I_O)         0.076     3.045 r  CLK_IBUF_BUFG_inst/O
                         net (fo=173, routed)         1.403     4.448    m_reg/CLK
    DSP48_X8Y74          DSP48E1                                      r  m_reg/FF_out_reg/CLK
  -------------------------------------------------------------------    -------------------
    DSP48_X8Y74          DSP48E1 (Prop_dsp48e1_CLK_P[0])
                                                      0.329     4.777 r  m_reg/FF_out_reg/P[0]
                         net (fo=2, routed)           1.211     5.988    p_reg/M[0]
    SLICE_X162Y178       LUT6 (Prop_lut6_I3_O)        0.097     6.085 r  p_reg/FF_out[7]_i_18/O
                         net (fo=1, routed)           0.000     6.085    b1_reg/FF_out_reg[0]_0[0]
    SLICE_X162Y178       CARRY4 (Prop_carry4_S[0]_O[2])
                                                      0.406     6.491 r  b1_reg/FF_out_reg[7]_i_14/O[2]
                         net (fo=2, routed)           0.549     7.039    c_reg/Post_AddSub1[2]
    SLICE_X163Y178       LUT3 (Prop_lut3_I2_O)        0.234     7.273 r  c_reg/FF_out[3]_i_2/O
                         net (fo=2, routed)           0.532     7.806    c_reg/FF_out[3]_i_2_n_0
    SLICE_X163Y178       LUT4 (Prop_lut4_I3_O)        0.240     8.046 r  c_reg/FF_out[3]_i_5__0/O
                         net (fo=1, routed)           0.000     8.046    c_reg/FF_out[3]_i_5__0_n_0
    SLICE_X163Y178       CARRY4 (Prop_carry4_S[3]_CO[3])
                                                      0.299     8.345 r  c_reg/FF_out_reg[3]_i_1/CO[3]
                         net (fo=1, routed)           0.000     8.345    c_reg/FF_out_reg[3]_i_1_n_0
    SLICE_X163Y179       CARRY4 (Prop_carry4_CI_CO[3])
                                                      0.089     8.434 r  c_reg/FF_out_reg[7]_i_1/CO[3]
                         net (fo=1, routed)           0.000     8.434    c_reg/FF_out_reg[7]_i_1_n_0
    SLICE_X163Y180       CARRY4 (Prop_carry4_CI_CO[3])
                                                      0.089     8.523 r  c_reg/FF_out_reg[11]_i_1/CO[3]
                         net (fo=1, routed)           0.000     8.523    c_reg/FF_out_reg[11]_i_1_n_0
    SLICE_X163Y181       CARRY4 (Prop_carry4_CI_CO[3])
                                                      0.089     8.612 r  c_reg/FF_out_reg[15]_i_1/CO[3]
                         net (fo=1, routed)           0.000     8.612    c_reg/FF_out_reg[15]_i_1_n_0
    SLICE_X163Y182       CARRY4 (Prop_carry4_CI_CO[3])
                                                      0.089     8.701 r  c_reg/FF_out_reg[19]_i_1/CO[3]
                         net (fo=1, routed)           0.000     8.701    c_reg/FF_out_reg[19]_i_1_n_0
    SLICE_X163Y183       CARRY4 (Prop_carry4_CI_CO[3])
                                                      0.089     8.790 r  c_reg/FF_out_reg[23]_i_1/CO[3]
                         net (fo=1, routed)           0.000     8.790    c_reg/FF_out_reg[23]_i_1_n_0
    SLICE_X163Y184       CARRY4 (Prop_carry4_CI_CO[3])
                                                      0.089     8.879 r  c_reg/FF_out_reg[27]_i_1/CO[3]
                         net (fo=1, routed)           0.000     8.879    c_reg/FF_out_reg[27]_i_1_n_0
    SLICE_X163Y185       CARRY4 (Prop_carry4_CI_CO[3])
                                                      0.089     8.968 r  c_reg/FF_out_reg[31]_i_1/CO[3]
                         net (fo=1, routed)           0.000     8.968    c_reg/FF_out_reg[31]_i_1_n_0
    SLICE_X163Y186       CARRY4 (Prop_carry4_CI_CO[3])
                                                      0.089     9.057 r  c_reg/FF_out_reg[35]_i_1/CO[3]
                         net (fo=1, routed)           0.000     9.057    c_reg/FF_out_reg[35]_i_1_n_0
    SLICE_X163Y187       CARRY4 (Prop_carry4_CI_CO[3])
                                                      0.089     9.146 r  c_reg/FF_out_reg[39]_i_1/CO[3]
                         net (fo=1, routed)           0.000     9.146    c_reg/FF_out_reg[39]_i_1_n_0
    SLICE_X163Y188       CARRY4 (Prop_carry4_CI_O[2])
                                                      0.181     9.327 r  c_reg/FF_out_reg[43]_i_1/O[2]
                         net (fo=1, routed)           0.000     9.327    p_reg/D[42]
    SLICE_X163Y188       FDRE                                         r  p_reg/FF_out_reg[42]/D
  -------------------------------------------------------------------    -------------------

                         (clock sys_clk_pin rise edge)
                                                     10.000    10.000 r  
    W5                                                0.000    10.000 r  CLK (IN)
                         net (fo=0)                   0.000    10.000    CLK
    W5                   IBUF (Prop_ibuf_I_O)         1.304    11.304 r  CLK_IBUF_inst/O
                         net (fo=1, routed)           1.514    12.817    CLK_IBUF
    BUFGCTRL_X0Y0        BUFG (Prop_bufg_I_O)         0.072    12.889 r  CLK_IBUF_BUFG_inst/O
                         net (fo=173, routed)         1.285    14.175    p_reg/CLK
    SLICE_X163Y188       FDRE                                         r  p_reg/FF_out_reg[42]/C
                         clock pessimism              0.215    14.390    
                         clock uncertainty           -0.035    14.355    
    SLICE_X163Y188       FDRE (Setup_fdre_C_D)        0.056    14.411    p_reg/FF_out_reg[42]
  -------------------------------------------------------------------
                         required time                         14.411    
                         arrival time                          -9.327    
  -------------------------------------------------------------------
                         slack                                  5.084    

Slack (MET) :             5.106ns  (required time - arrival time)
  Source:                 m_reg/FF_out_reg/CLK
                            (rising edge-triggered cell DSP48E1 clocked by sys_clk_pin  {rise@0.000ns fall@5.000ns period=10.000ns})
  Destination:            p_reg/FF_out_reg[40]/D
                            (rising edge-triggered cell FDRE clocked by sys_clk_pin  {rise@0.000ns fall@5.000ns period=10.000ns})
  Path Group:             sys_clk_pin
  Path Type:              Setup (Max at Slow Process Corner)
  Requirement:            10.000ns  (sys_clk_pin rise@10.000ns - sys_clk_pin rise@0.000ns)
  Data Path Delay:        4.857ns  (logic 2.565ns (52.814%)  route 2.292ns (47.186%))
  Logic Levels:           15  (CARRY4=12 LUT3=1 LUT4=1 LUT6=1)
  Clock Path Skew:        -0.058ns (DCD - SCD + CPR)
    Destination Clock Delay (DCD):    4.175ns = ( 14.175 - 10.000 ) 
    Source Clock Delay      (SCD):    4.448ns
    Clock Pessimism Removal (CPR):    0.215ns
  Clock Uncertainty:      0.035ns  ((TSJ^2 + TIJ^2)^1/2 + DJ) / 2 + PE
    Total System Jitter     (TSJ):    0.071ns
    Total Input Jitter      (TIJ):    0.000ns
    Discrete Jitter          (DJ):    0.000ns
    Phase Error              (PE):    0.000ns

    Location             Delay type                Incr(ns)  Path(ns)    Netlist Resource(s)
  -------------------------------------------------------------------    -------------------
                         (clock sys_clk_pin rise edge)
                                                      0.000     0.000 r  
    W5                                                0.000     0.000 r  CLK (IN)
                         net (fo=0)                   0.000     0.000    CLK
    W5                   IBUF (Prop_ibuf_I_O)         1.371     1.371 r  CLK_IBUF_inst/O
                         net (fo=1, routed)           1.598     2.969    CLK_IBUF
    BUFGCTRL_X0Y0        BUFG (Prop_bufg_I_O)         0.076     3.045 r  CLK_IBUF_BUFG_inst/O
                         net (fo=173, routed)         1.403     4.448    m_reg/CLK
    DSP48_X8Y74          DSP48E1                                      r  m_reg/FF_out_reg/CLK
  -------------------------------------------------------------------    -------------------
    DSP48_X8Y74          DSP48E1 (Prop_dsp48e1_CLK_P[0])
                                                      0.329     4.777 r  m_reg/FF_out_reg/P[0]
                         net (fo=2, routed)           1.211     5.988    p_reg/M[0]
    SLICE_X162Y178       LUT6 (Prop_lut6_I3_O)        0.097     6.085 r  p_reg/FF_out[7]_i_18/O
                         net (fo=1, routed)           0.000     6.085    b1_reg/FF_out_reg[0]_0[0]
    SLICE_X162Y178       CARRY4 (Prop_carry4_S[0]_O[2])
                                                      0.406     6.491 r  b1_reg/FF_out_reg[7]_i_14/O[2]
                         net (fo=2, routed)           0.549     7.039    c_reg/Post_AddSub1[2]
    SLICE_X163Y178       LUT3 (Prop_lut3_I2_O)        0.234     7.273 r  c_reg/FF_out[3]_i_2/O
                         net (fo=2, routed)           0.532     7.806    c_reg/FF_out[3]_i_2_n_0
    SLICE_X163Y178       LUT4 (Prop_lut4_I3_O)        0.240     8.046 r  c_reg/FF_out[3]_i_5__0/O
                         net (fo=1, routed)           0.000     8.046    c_reg/FF_out[3]_i_5__0_n_0
    SLICE_X163Y178       CARRY4 (Prop_carry4_S[3]_CO[3])
                                                      0.299     8.345 r  c_reg/FF_out_reg[3]_i_1/CO[3]
                         net (fo=1, routed)           0.000     8.345    c_reg/FF_out_reg[3]_i_1_n_0
    SLICE_X163Y179       CARRY4 (Prop_carry4_CI_CO[3])
                                                      0.089     8.434 r  c_reg/FF_out_reg[7]_i_1/CO[3]
                         net (fo=1, routed)           0.000     8.434    c_reg/FF_out_reg[7]_i_1_n_0
    SLICE_X163Y180       CARRY4 (Prop_carry4_CI_CO[3])
                                                      0.089     8.523 r  c_reg/FF_out_reg[11]_i_1/CO[3]
                         net (fo=1, routed)           0.000     8.523    c_reg/FF_out_reg[11]_i_1_n_0
    SLICE_X163Y181       CARRY4 (Prop_carry4_CI_CO[3])
                                                      0.089     8.612 r  c_reg/FF_out_reg[15]_i_1/CO[3]
                         net (fo=1, routed)           0.000     8.612    c_reg/FF_out_reg[15]_i_1_n_0
    SLICE_X163Y182       CARRY4 (Prop_carry4_CI_CO[3])
                                                      0.089     8.701 r  c_reg/FF_out_reg[19]_i_1/CO[3]
                         net (fo=1, routed)           0.000     8.701    c_reg/FF_out_reg[19]_i_1_n_0
    SLICE_X163Y183       CARRY4 (Prop_carry4_CI_CO[3])
                                                      0.089     8.790 r  c_reg/FF_out_reg[23]_i_1/CO[3]
                         net (fo=1, routed)           0.000     8.790    c_reg/FF_out_reg[23]_i_1_n_0
    SLICE_X163Y184       CARRY4 (Prop_carry4_CI_CO[3])
                                                      0.089     8.879 r  c_reg/FF_out_reg[27]_i_1/CO[3]
                         net (fo=1, routed)           0.000     8.879    c_reg/FF_out_reg[27]_i_1_n_0
    SLICE_X163Y185       CARRY4 (Prop_carry4_CI_CO[3])
                                                      0.089     8.968 r  c_reg/FF_out_reg[31]_i_1/CO[3]
                         net (fo=1, routed)           0.000     8.968    c_reg/FF_out_reg[31]_i_1_n_0
    SLICE_X163Y186       CARRY4 (Prop_carry4_CI_CO[3])
                                                      0.089     9.057 r  c_reg/FF_out_reg[35]_i_1/CO[3]
                         net (fo=1, routed)           0.000     9.057    c_reg/FF_out_reg[35]_i_1_n_0
    SLICE_X163Y187       CARRY4 (Prop_carry4_CI_CO[3])
                                                      0.089     9.146 r  c_reg/FF_out_reg[39]_i_1/CO[3]
                         net (fo=1, routed)           0.000     9.146    c_reg/FF_out_reg[39]_i_1_n_0
    SLICE_X163Y188       CARRY4 (Prop_carry4_CI_O[0])
                                                      0.159     9.305 r  c_reg/FF_out_reg[43]_i_1/O[0]
                         net (fo=1, routed)           0.000     9.305    p_reg/D[40]
    SLICE_X163Y188       FDRE                                         r  p_reg/FF_out_reg[40]/D
  -------------------------------------------------------------------    -------------------

                         (clock sys_clk_pin rise edge)
                                                     10.000    10.000 r  
    W5                                                0.000    10.000 r  CLK (IN)
                         net (fo=0)                   0.000    10.000    CLK
    W5                   IBUF (Prop_ibuf_I_O)         1.304    11.304 r  CLK_IBUF_inst/O
                         net (fo=1, routed)           1.514    12.817    CLK_IBUF
    BUFGCTRL_X0Y0        BUFG (Prop_bufg_I_O)         0.072    12.889 r  CLK_IBUF_BUFG_inst/O
                         net (fo=173, routed)         1.285    14.175    p_reg/CLK
    SLICE_X163Y188       FDRE                                         r  p_reg/FF_out_reg[40]/C
                         clock pessimism              0.215    14.390    
                         clock uncertainty           -0.035    14.355    
    SLICE_X163Y188       FDRE (Setup_fdre_C_D)        0.056    14.411    p_reg/FF_out_reg[40]
  -------------------------------------------------------------------
                         required time                         14.411    
                         arrival time                          -9.305    
  -------------------------------------------------------------------
                         slack                                  5.106    





Min Delay Paths
--------------------------------------------------------------------------------------
Slack (MET) :             0.539ns  (arrival time - required time)
  Source:                 p_reg/FF_out_reg[12]/C
                            (rising edge-triggered cell FDRE clocked by sys_clk_pin  {rise@0.000ns fall@5.000ns period=10.000ns})
  Destination:            p_reg/FF_out_reg[12]/D
                            (rising edge-triggered cell FDRE clocked by sys_clk_pin  {rise@0.000ns fall@5.000ns period=10.000ns})
  Path Group:             sys_clk_pin
  Path Type:              Hold (Min at Fast Process Corner)
  Requirement:            0.000ns  (sys_clk_pin rise@0.000ns - sys_clk_pin rise@0.000ns)
  Data Path Delay:        0.644ns  (logic 0.301ns (46.768%)  route 0.343ns (53.232%))
  Logic Levels:           3  (CARRY4=1 LUT4=1 LUT5=1)
  Clock Path Skew:        0.000ns (DCD - SCD - CPR)
    Destination Clock Delay (DCD):    2.151ns
    Source Clock Delay      (SCD):    1.631ns
    Clock Pessimism Removal (CPR):    0.520ns

    Location             Delay type                Incr(ns)  Path(ns)    Netlist Resource(s)
  -------------------------------------------------------------------    -------------------
                         (clock sys_clk_pin rise edge)
                                                      0.000     0.000 r  
    W5                                                0.000     0.000 r  CLK (IN)
                         net (fo=0)                   0.000     0.000    CLK
    W5                   IBUF (Prop_ibuf_I_O)         0.291     0.291 r  CLK_IBUF_inst/O
                         net (fo=1, routed)           0.676     0.967    CLK_IBUF
    BUFGCTRL_X0Y0        BUFG (Prop_bufg_I_O)         0.026     0.993 r  CLK_IBUF_BUFG_inst/O
                         net (fo=173, routed)         0.639     1.631    p_reg/CLK
    SLICE_X163Y181       FDRE                                         r  p_reg/FF_out_reg[12]/C
  -------------------------------------------------------------------    -------------------
    SLICE_X163Y181       FDRE (Prop_fdre_C_Q)         0.141     1.772 r  p_reg/FF_out_reg[12]/Q
                         net (fo=4, routed)           0.222     1.994    c_reg/P[12]
    SLICE_X160Y180       LUT5 (Prop_lut5_I4_O)        0.045     2.039 r  c_reg/FF_out[15]_i_12/O
                         net (fo=2, routed)           0.121     2.160    c_reg/Z_Mux_out[12]
    SLICE_X163Y181       LUT4 (Prop_lut4_I0_O)        0.045     2.205 r  c_reg/FF_out[15]_i_9/O
                         net (fo=1, routed)           0.000     2.205    c_reg/FF_out[15]_i_9_n_0
    SLICE_X163Y181       CARRY4 (Prop_carry4_S[0]_O[0])
                                                      0.070     2.275 r  c_reg/FF_out_reg[15]_i_1/O[0]
                         net (fo=1, routed)           0.000     2.275    p_reg/D[12]
    SLICE_X163Y181       FDRE                                         r  p_reg/FF_out_reg[12]/D
  -------------------------------------------------------------------    -------------------

                         (clock sys_clk_pin rise edge)
                                                      0.000     0.000 r  
    W5                                                0.000     0.000 r  CLK (IN)
                         net (fo=0)                   0.000     0.000    CLK
    W5                   IBUF (Prop_ibuf_I_O)         0.479     0.479 r  CLK_IBUF_inst/O
                         net (fo=1, routed)           0.734     1.213    CLK_IBUF
    BUFGCTRL_X0Y0        BUFG (Prop_bufg_I_O)         0.029     1.242 r  CLK_IBUF_BUFG_inst/O
                         net (fo=173, routed)         0.910     2.151    p_reg/CLK
    SLICE_X163Y181       FDRE                                         r  p_reg/FF_out_reg[12]/C
                         clock pessimism             -0.520     1.631    
    SLICE_X163Y181       FDRE (Hold_fdre_C_D)         0.105     1.736    p_reg/FF_out_reg[12]
  -------------------------------------------------------------------
                         required time                         -1.736    
                         arrival time                           2.275    
  -------------------------------------------------------------------
                         slack                                  0.539    

Slack (MET) :             0.554ns  (arrival time - required time)
  Source:                 c_reg/FF_out_reg[33]/C
                            (rising edge-triggered cell FDRE clocked by sys_clk_pin  {rise@0.000ns fall@5.000ns period=10.000ns})
  Destination:            p_reg/FF_out_reg[33]/D
                            (rising edge-triggered cell FDRE clocked by sys_clk_pin  {rise@0.000ns fall@5.000ns period=10.000ns})
  Path Group:             sys_clk_pin
  Path Type:              Hold (Min at Fast Process Corner)
  Requirement:            0.000ns  (sys_clk_pin rise@0.000ns - sys_clk_pin rise@0.000ns)
  Data Path Delay:        0.698ns  (logic 0.296ns (42.425%)  route 0.402ns (57.575%))
  Logic Levels:           3  (CARRY4=1 LUT4=1 LUT5=1)
  Clock Path Skew:        0.039ns (DCD - SCD - CPR)
    Destination Clock Delay (DCD):    2.155ns
    Source Clock Delay      (SCD):    1.633ns
    Clock Pessimism Removal (CPR):    0.483ns

    Location             Delay type                Incr(ns)  Path(ns)    Netlist Resource(s)
  -------------------------------------------------------------------    -------------------
                         (clock sys_clk_pin rise edge)
                                                      0.000     0.000 r  
    W5                                                0.000     0.000 r  CLK (IN)
                         net (fo=0)                   0.000     0.000    CLK
    W5                   IBUF (Prop_ibuf_I_O)         0.291     0.291 r  CLK_IBUF_inst/O
                         net (fo=1, routed)           0.676     0.967    CLK_IBUF
    BUFGCTRL_X0Y0        BUFG (Prop_bufg_I_O)         0.026     0.993 r  CLK_IBUF_BUFG_inst/O
                         net (fo=173, routed)         0.641     1.633    c_reg/CLK
    SLICE_X156Y184       FDRE                                         r  c_reg/FF_out_reg[33]/C
  -------------------------------------------------------------------    -------------------
    SLICE_X156Y184       FDRE (Prop_fdre_C_Q)         0.141     1.774 r  c_reg/FF_out_reg[33]/Q
                         net (fo=1, routed)           0.144     1.919    c_reg/FF_out_reg_n_0_[33]
    SLICE_X161Y184       LUT5 (Prop_lut5_I0_O)        0.045     1.964 r  c_reg/FF_out[35]_i_11/O
                         net (fo=2, routed)           0.258     2.221    c_reg/Z_Mux_out[33]
    SLICE_X163Y186       LUT4 (Prop_lut4_I0_O)        0.045     2.266 r  c_reg/FF_out[35]_i_8/O
                         net (fo=1, routed)           0.000     2.266    c_reg/FF_out[35]_i_8_n_0
    SLICE_X163Y186       CARRY4 (Prop_carry4_S[1]_O[1])
                                                      0.065     2.331 r  c_reg/FF_out_reg[35]_i_1/O[1]
                         net (fo=1, routed)           0.000     2.331    p_reg/D[33]
    SLICE_X163Y186       FDRE                                         r  p_reg/FF_out_reg[33]/D
  -------------------------------------------------------------------    -------------------

                         (clock sys_clk_pin rise edge)
                                                      0.000     0.000 r  
    W5                                                0.000     0.000 r  CLK (IN)
                         net (fo=0)                   0.000     0.000    CLK
    W5                   IBUF (Prop_ibuf_I_O)         0.479     0.479 r  CLK_IBUF_inst/O
                         net (fo=1, routed)           0.734     1.213    CLK_IBUF
    BUFGCTRL_X0Y0        BUFG (Prop_bufg_I_O)         0.029     1.242 r  CLK_IBUF_BUFG_inst/O
                         net (fo=173, routed)         0.913     2.155    p_reg/CLK
    SLICE_X163Y186       FDRE                                         r  p_reg/FF_out_reg[33]/C
                         clock pessimism             -0.483     1.672    
    SLICE_X163Y186       FDRE (Hold_fdre_C_D)         0.105     1.777    p_reg/FF_out_reg[33]
  -------------------------------------------------------------------
                         required time                         -1.777    
                         arrival time                           2.331    
  -------------------------------------------------------------------
                         slack                                  0.554    

Slack (MET) :             0.567ns  (arrival time - required time)
  Source:                 c_reg/FF_out_reg[9]/C
                            (rising edge-triggered cell FDRE clocked by sys_clk_pin  {rise@0.000ns fall@5.000ns period=10.000ns})
  Destination:            p_reg/FF_out_reg[9]/D
                            (rising edge-triggered cell FDRE clocked by sys_clk_pin  {rise@0.000ns fall@5.000ns period=10.000ns})
  Path Group:             sys_clk_pin
  Path Type:              Hold (Min at Fast Process Corner)
  Requirement:            0.000ns  (sys_clk_pin rise@0.000ns - sys_clk_pin rise@0.000ns)
  Data Path Delay:        0.714ns  (logic 0.296ns (41.430%)  route 0.418ns (58.570%))
  Logic Levels:           3  (CARRY4=1 LUT4=1 LUT5=1)
  Clock Path Skew:        0.042ns (DCD - SCD - CPR)
    Destination Clock Delay (DCD):    2.150ns
    Source Clock Delay      (SCD):    1.625ns
    Clock Pessimism Removal (CPR):    0.483ns

    Location             Delay type                Incr(ns)  Path(ns)    Netlist Resource(s)
  -------------------------------------------------------------------    -------------------
                         (clock sys_clk_pin rise edge)
                                                      0.000     0.000 r  
    W5                                                0.000     0.000 r  CLK (IN)
                         net (fo=0)                   0.000     0.000    CLK
    W5                   IBUF (Prop_ibuf_I_O)         0.291     0.291 r  CLK_IBUF_inst/O
                         net (fo=1, routed)           0.676     0.967    CLK_IBUF
    BUFGCTRL_X0Y0        BUFG (Prop_bufg_I_O)         0.026     0.993 r  CLK_IBUF_BUFG_inst/O
                         net (fo=173, routed)         0.633     1.625    c_reg/CLK
    SLICE_X156Y176       FDRE                                         r  c_reg/FF_out_reg[9]/C
  -------------------------------------------------------------------    -------------------
    SLICE_X156Y176       FDRE (Prop_fdre_C_Q)         0.141     1.766 r  c_reg/FF_out_reg[9]/Q
                         net (fo=1, routed)           0.101     1.867    c_reg/FF_out_reg_n_0_[9]
    SLICE_X158Y176       LUT5 (Prop_lut5_I0_O)        0.045     1.912 r  c_reg/FF_out[11]_i_11/O
                         net (fo=2, routed)           0.317     2.230    c_reg/Z_Mux_out[9]
    SLICE_X163Y180       LUT4 (Prop_lut4_I0_O)        0.045     2.275 r  c_reg/FF_out[11]_i_8/O
                         net (fo=1, routed)           0.000     2.275    c_reg/FF_out[11]_i_8_n_0
    SLICE_X163Y180       CARRY4 (Prop_carry4_S[1]_O[1])
                                                      0.065     2.340 r  c_reg/FF_out_reg[11]_i_1/O[1]
                         net (fo=1, routed)           0.000     2.340    p_reg/D[9]
    SLICE_X163Y180       FDRE                                         r  p_reg/FF_out_reg[9]/D
  -------------------------------------------------------------------    -------------------

                         (clock sys_clk_pin rise edge)
                                                      0.000     0.000 r  
    W5                                                0.000     0.000 r  CLK (IN)
                         net (fo=0)                   0.000     0.000    CLK
    W5                   IBUF (Prop_ibuf_I_O)         0.479     0.479 r  CLK_IBUF_inst/O
                         net (fo=1, routed)           0.734     1.213    CLK_IBUF
    BUFGCTRL_X0Y0        BUFG (Prop_bufg_I_O)         0.029     1.242 r  CLK_IBUF_BUFG_inst/O
                         net (fo=173, routed)         0.908     2.150    p_reg/CLK
    SLICE_X163Y180       FDRE                                         r  p_reg/FF_out_reg[9]/C
                         clock pessimism             -0.483     1.667    
    SLICE_X163Y180       FDRE (Hold_fdre_C_D)         0.105     1.772    p_reg/FF_out_reg[9]
  -------------------------------------------------------------------
                         required time                         -1.772    
                         arrival time                           2.340    
  -------------------------------------------------------------------
                         slack                                  0.567    

Slack (MET) :             0.575ns  (arrival time - required time)
  Source:                 p_reg/FF_out_reg[12]/C
                            (rising edge-triggered cell FDRE clocked by sys_clk_pin  {rise@0.000ns fall@5.000ns period=10.000ns})
  Destination:            p_reg/FF_out_reg[13]/D
                            (rising edge-triggered cell FDRE clocked by sys_clk_pin  {rise@0.000ns fall@5.000ns period=10.000ns})
  Path Group:             sys_clk_pin
  Path Type:              Hold (Min at Fast Process Corner)
  Requirement:            0.000ns  (sys_clk_pin rise@0.000ns - sys_clk_pin rise@0.000ns)
  Data Path Delay:        0.680ns  (logic 0.337ns (49.587%)  route 0.343ns (50.413%))
  Logic Levels:           3  (CARRY4=1 LUT4=1 LUT5=1)
  Clock Path Skew:        0.000ns (DCD - SCD - CPR)
    Destination Clock Delay (DCD):    2.151ns
    Source Clock Delay      (SCD):    1.631ns
    Clock Pessimism Removal (CPR):    0.520ns

    Location             Delay type                Incr(ns)  Path(ns)    Netlist Resource(s)
  -------------------------------------------------------------------    -------------------
                         (clock sys_clk_pin rise edge)
                                                      0.000     0.000 r  
    W5                                                0.000     0.000 r  CLK (IN)
                         net (fo=0)                   0.000     0.000    CLK
    W5                   IBUF (Prop_ibuf_I_O)         0.291     0.291 r  CLK_IBUF_inst/O
                         net (fo=1, routed)           0.676     0.967    CLK_IBUF
    BUFGCTRL_X0Y0        BUFG (Prop_bufg_I_O)         0.026     0.993 r  CLK_IBUF_BUFG_inst/O
                         net (fo=173, routed)         0.639     1.631    p_reg/CLK
    SLICE_X163Y181       FDRE                                         r  p_reg/FF_out_reg[12]/C
  -------------------------------------------------------------------    -------------------
    SLICE_X163Y181       FDRE (Prop_fdre_C_Q)         0.141     1.772 r  p_reg/FF_out_reg[12]/Q
                         net (fo=4, routed)           0.222     1.994    c_reg/P[12]
    SLICE_X160Y180       LUT5 (Prop_lut5_I4_O)        0.045     2.039 r  c_reg/FF_out[15]_i_12/O
                         net (fo=2, routed)           0.121     2.160    c_reg/Z_Mux_out[12]
    SLICE_X163Y181       LUT4 (Prop_lut4_I0_O)        0.045     2.205 r  c_reg/FF_out[15]_i_9/O
                         net (fo=1, routed)           0.000     2.205    c_reg/FF_out[15]_i_9_n_0
    SLICE_X163Y181       CARRY4 (Prop_carry4_S[0]_O[1])
                                                      0.106     2.311 r  c_reg/FF_out_reg[15]_i_1/O[1]
                         net (fo=1, routed)           0.000     2.311    p_reg/D[13]
    SLICE_X163Y181       FDRE                                         r  p_reg/FF_out_reg[13]/D
  -------------------------------------------------------------------    -------------------

                         (clock sys_clk_pin rise edge)
                                                      0.000     0.000 r  
    W5                                                0.000     0.000 r  CLK (IN)
                         net (fo=0)                   0.000     0.000    CLK
    W5                   IBUF (Prop_ibuf_I_O)         0.479     0.479 r  CLK_IBUF_inst/O
                         net (fo=1, routed)           0.734     1.213    CLK_IBUF
    BUFGCTRL_X0Y0        BUFG (Prop_bufg_I_O)         0.029     1.242 r  CLK_IBUF_BUFG_inst/O
                         net (fo=173, routed)         0.910     2.151    p_reg/CLK
    SLICE_X163Y181       FDRE                                         r  p_reg/FF_out_reg[13]/C
                         clock pessimism             -0.520     1.631    
    SLICE_X163Y181       FDRE (Hold_fdre_C_D)         0.105     1.736    p_reg/FF_out_reg[13]
  -------------------------------------------------------------------
                         required time                         -1.736    
                         arrival time                           2.311    
  -------------------------------------------------------------------
                         slack                                  0.575    

Slack (MET) :             0.576ns  (arrival time - required time)
  Source:                 c_reg/FF_out_reg[17]/C
                            (rising edge-triggered cell FDRE clocked by sys_clk_pin  {rise@0.000ns fall@5.000ns period=10.000ns})
  Destination:            p_reg/FF_out_reg[17]/D
                            (rising edge-triggered cell FDRE clocked by sys_clk_pin  {rise@0.000ns fall@5.000ns period=10.000ns})
  Path Group:             sys_clk_pin
  Path Type:              Hold (Min at Fast Process Corner)
  Requirement:            0.000ns  (sys_clk_pin rise@0.000ns - sys_clk_pin rise@0.000ns)
  Data Path Delay:        0.721ns  (logic 0.296ns (41.039%)  route 0.425ns (58.961%))
  Logic Levels:           3  (CARRY4=1 LUT4=1 LUT5=1)
  Clock Path Skew:        0.040ns (DCD - SCD - CPR)
    Destination Clock Delay (DCD):    2.152ns
    Source Clock Delay      (SCD):    1.629ns
    Clock Pessimism Removal (CPR):    0.483ns

    Location             Delay type                Incr(ns)  Path(ns)    Netlist Resource(s)
  -------------------------------------------------------------------    -------------------
                         (clock sys_clk_pin rise edge)
                                                      0.000     0.000 r  
    W5                                                0.000     0.000 r  CLK (IN)
                         net (fo=0)                   0.000     0.000    CLK
    W5                   IBUF (Prop_ibuf_I_O)         0.291     0.291 r  CLK_IBUF_inst/O
                         net (fo=1, routed)           0.676     0.967    CLK_IBUF
    BUFGCTRL_X0Y0        BUFG (Prop_bufg_I_O)         0.026     0.993 r  CLK_IBUF_BUFG_inst/O
                         net (fo=173, routed)         0.637     1.629    c_reg/CLK
    SLICE_X157Y180       FDRE                                         r  c_reg/FF_out_reg[17]/C
  -------------------------------------------------------------------    -------------------
    SLICE_X157Y180       FDRE (Prop_fdre_C_Q)         0.141     1.770 r  c_reg/FF_out_reg[17]/Q
                         net (fo=1, routed)           0.107     1.877    c_reg/FF_out_reg_n_0_[17]
    SLICE_X161Y180       LUT5 (Prop_lut5_I0_O)        0.045     1.922 r  c_reg/FF_out[19]_i_11/O
                         net (fo=2, routed)           0.318     2.241    c_reg/Z_Mux_out[17]
    SLICE_X163Y182       LUT4 (Prop_lut4_I0_O)        0.045     2.286 r  c_reg/FF_out[19]_i_8/O
                         net (fo=1, routed)           0.000     2.286    c_reg/FF_out[19]_i_8_n_0
    SLICE_X163Y182       CARRY4 (Prop_carry4_S[1]_O[1])
                                                      0.065     2.351 r  c_reg/FF_out_reg[19]_i_1/O[1]
                         net (fo=1, routed)           0.000     2.351    p_reg/D[17]
    SLICE_X163Y182       FDRE                                         r  p_reg/FF_out_reg[17]/D
  -------------------------------------------------------------------    -------------------

                         (clock sys_clk_pin rise edge)
                                                      0.000     0.000 r  
    W5                                                0.000     0.000 r  CLK (IN)
                         net (fo=0)                   0.000     0.000    CLK
    W5                   IBUF (Prop_ibuf_I_O)         0.479     0.479 r  CLK_IBUF_inst/O
                         net (fo=1, routed)           0.734     1.213    CLK_IBUF
    BUFGCTRL_X0Y0        BUFG (Prop_bufg_I_O)         0.029     1.242 r  CLK_IBUF_BUFG_inst/O
                         net (fo=173, routed)         0.910     2.152    p_reg/CLK
    SLICE_X163Y182       FDRE                                         r  p_reg/FF_out_reg[17]/C
                         clock pessimism             -0.483     1.669    
    SLICE_X163Y182       FDRE (Hold_fdre_C_D)         0.105     1.774    p_reg/FF_out_reg[17]
  -------------------------------------------------------------------
                         required time                         -1.774    
                         arrival time                           2.351    
  -------------------------------------------------------------------
                         slack                                  0.576    

Slack (MET) :             0.591ns  (arrival time - required time)
  Source:                 a1_reg/FF_out_reg[0]/C
                            (rising edge-triggered cell FDRE clocked by sys_clk_pin  {rise@0.000ns fall@5.000ns period=10.000ns})
  Destination:            p_reg/FF_out_reg[18]/D
                            (rising edge-triggered cell FDRE clocked by sys_clk_pin  {rise@0.000ns fall@5.000ns period=10.000ns})
  Path Group:             sys_clk_pin
  Path Type:              Hold (Min at Fast Process Corner)
  Requirement:            0.000ns  (sys_clk_pin rise@0.000ns - sys_clk_pin rise@0.000ns)
  Data Path Delay:        0.710ns  (logic 0.425ns (59.819%)  route 0.285ns (40.181%))
  Logic Levels:           4  (CARRY4=2 LUT4=1 LUT5=1)
  Clock Path Skew:        0.014ns (DCD - SCD - CPR)
    Destination Clock Delay (DCD):    2.152ns
    Source Clock Delay      (SCD):    1.632ns
    Clock Pessimism Removal (CPR):    0.506ns

    Location             Delay type                Incr(ns)  Path(ns)    Netlist Resource(s)
  -------------------------------------------------------------------    -------------------
                         (clock sys_clk_pin rise edge)
                                                      0.000     0.000 r  
    W5                                                0.000     0.000 r  CLK (IN)
                         net (fo=0)                   0.000     0.000    CLK
    W5                   IBUF (Prop_ibuf_I_O)         0.291     0.291 r  CLK_IBUF_inst/O
                         net (fo=1, routed)           0.676     0.967    CLK_IBUF
    BUFGCTRL_X0Y0        BUFG (Prop_bufg_I_O)         0.026     0.993 r  CLK_IBUF_BUFG_inst/O
                         net (fo=173, routed)         0.640     1.632    a1_reg/CLK
    SLICE_X161Y182       FDRE                                         r  a1_reg/FF_out_reg[0]/C
  -------------------------------------------------------------------    -------------------
    SLICE_X161Y182       FDRE (Prop_fdre_C_Q)         0.141     1.773 r  a1_reg/FF_out_reg[0]/Q
                         net (fo=1, routed)           0.097     1.871    a1_reg/FF_out_reg_n_0_[0]
    SLICE_X162Y182       LUT5 (Prop_lut5_I0_O)        0.045     1.916 r  a1_reg/FF_out[23]_i_16/O
                         net (fo=1, routed)           0.000     1.916    b1_reg/S[0]
    SLICE_X162Y182       CARRY4 (Prop_carry4_S[2]_O[2])
                                                      0.065     1.981 r  b1_reg/FF_out_reg[23]_i_14/O[2]
                         net (fo=2, routed)           0.188     2.169    c_reg/Post_AddSub1[18]
    SLICE_X163Y182       LUT4 (Prop_lut4_I2_O)        0.108     2.277 r  c_reg/FF_out[19]_i_7/O
                         net (fo=1, routed)           0.000     2.277    c_reg/FF_out[19]_i_7_n_0
    SLICE_X163Y182       CARRY4 (Prop_carry4_S[2]_O[2])
                                                      0.066     2.343 r  c_reg/FF_out_reg[19]_i_1/O[2]
                         net (fo=1, routed)           0.000     2.343    p_reg/D[18]
    SLICE_X163Y182       FDRE                                         r  p_reg/FF_out_reg[18]/D
  -------------------------------------------------------------------    -------------------

                         (clock sys_clk_pin rise edge)
                                                      0.000     0.000 r  
    W5                                                0.000     0.000 r  CLK (IN)
                         net (fo=0)                   0.000     0.000    CLK
    W5                   IBUF (Prop_ibuf_I_O)         0.479     0.479 r  CLK_IBUF_inst/O
                         net (fo=1, routed)           0.734     1.213    CLK_IBUF
    BUFGCTRL_X0Y0        BUFG (Prop_bufg_I_O)         0.029     1.242 r  CLK_IBUF_BUFG_inst/O
                         net (fo=173, routed)         0.910     2.152    p_reg/CLK
    SLICE_X163Y182       FDRE                                         r  p_reg/FF_out_reg[18]/C
                         clock pessimism             -0.506     1.646    
    SLICE_X163Y182       FDRE (Hold_fdre_C_D)         0.105     1.751    p_reg/FF_out_reg[18]
  -------------------------------------------------------------------
                         required time                         -1.751    
                         arrival time                           2.343    
  -------------------------------------------------------------------
                         slack                                  0.591    

Slack (MET) :             0.615ns  (arrival time - required time)
  Source:                 p_reg/FF_out_reg[12]/C
                            (rising edge-triggered cell FDRE clocked by sys_clk_pin  {rise@0.000ns fall@5.000ns period=10.000ns})
  Destination:            p_reg/FF_out_reg[14]/D
                            (rising edge-triggered cell FDRE clocked by sys_clk_pin  {rise@0.000ns fall@5.000ns period=10.000ns})
  Path Group:             sys_clk_pin
  Path Type:              Hold (Min at Fast Process Corner)
  Requirement:            0.000ns  (sys_clk_pin rise@0.000ns - sys_clk_pin rise@0.000ns)
  Data Path Delay:        0.720ns  (logic 0.377ns (52.390%)  route 0.343ns (47.610%))
  Logic Levels:           3  (CARRY4=1 LUT4=1 LUT5=1)
  Clock Path Skew:        0.000ns (DCD - SCD - CPR)
    Destination Clock Delay (DCD):    2.151ns
    Source Clock Delay      (SCD):    1.631ns
    Clock Pessimism Removal (CPR):    0.520ns

    Location             Delay type                Incr(ns)  Path(ns)    Netlist Resource(s)
  -------------------------------------------------------------------    -------------------
                         (clock sys_clk_pin rise edge)
                                                      0.000     0.000 r  
    W5                                                0.000     0.000 r  CLK (IN)
                         net (fo=0)                   0.000     0.000    CLK
    W5                   IBUF (Prop_ibuf_I_O)         0.291     0.291 r  CLK_IBUF_inst/O
                         net (fo=1, routed)           0.676     0.967    CLK_IBUF
    BUFGCTRL_X0Y0        BUFG (Prop_bufg_I_O)         0.026     0.993 r  CLK_IBUF_BUFG_inst/O
                         net (fo=173, routed)         0.639     1.631    p_reg/CLK
    SLICE_X163Y181       FDRE                                         r  p_reg/FF_out_reg[12]/C
  -------------------------------------------------------------------    -------------------
    SLICE_X163Y181       FDRE (Prop_fdre_C_Q)         0.141     1.772 r  p_reg/FF_out_reg[12]/Q
                         net (fo=4, routed)           0.222     1.994    c_reg/P[12]
    SLICE_X160Y180       LUT5 (Prop_lut5_I4_O)        0.045     2.039 r  c_reg/FF_out[15]_i_12/O
                         net (fo=2, routed)           0.121     2.160    c_reg/Z_Mux_out[12]
    SLICE_X163Y181       LUT4 (Prop_lut4_I0_O)        0.045     2.205 r  c_reg/FF_out[15]_i_9/O
                         net (fo=1, routed)           0.000     2.205    c_reg/FF_out[15]_i_9_n_0
    SLICE_X163Y181       CARRY4 (Prop_carry4_S[0]_O[2])
                                                      0.146     2.351 r  c_reg/FF_out_reg[15]_i_1/O[2]
                         net (fo=1, routed)           0.000     2.351    p_reg/D[14]
    SLICE_X163Y181       FDRE                                         r  p_reg/FF_out_reg[14]/D
  -------------------------------------------------------------------    -------------------

                         (clock sys_clk_pin rise edge)
                                                      0.000     0.000 r  
    W5                                                0.000     0.000 r  CLK (IN)
                         net (fo=0)                   0.000     0.000    CLK
    W5                   IBUF (Prop_ibuf_I_O)         0.479     0.479 r  CLK_IBUF_inst/O
                         net (fo=1, routed)           0.734     1.213    CLK_IBUF
    BUFGCTRL_X0Y0        BUFG (Prop_bufg_I_O)         0.029     1.242 r  CLK_IBUF_BUFG_inst/O
                         net (fo=173, routed)         0.910     2.151    p_reg/CLK
    SLICE_X163Y181       FDRE                                         r  p_reg/FF_out_reg[14]/C
                         clock pessimism             -0.520     1.631    
    SLICE_X163Y181       FDRE (Hold_fdre_C_D)         0.105     1.736    p_reg/FF_out_reg[14]
  -------------------------------------------------------------------
                         required time                         -1.736    
                         arrival time                           2.351    
  -------------------------------------------------------------------
                         slack                                  0.615    

Slack (MET) :             0.617ns  (arrival time - required time)
  Source:                 p_reg/FF_out_reg[16]/C
                            (rising edge-triggered cell FDRE clocked by sys_clk_pin  {rise@0.000ns fall@5.000ns period=10.000ns})
  Destination:            p_reg/FF_out_reg[16]/D
                            (rising edge-triggered cell FDRE clocked by sys_clk_pin  {rise@0.000ns fall@5.000ns period=10.000ns})
  Path Group:             sys_clk_pin
  Path Type:              Hold (Min at Fast Process Corner)
  Requirement:            0.000ns  (sys_clk_pin rise@0.000ns - sys_clk_pin rise@0.000ns)
  Data Path Delay:        0.722ns  (logic 0.431ns (59.670%)  route 0.291ns (40.330%))
  Logic Levels:           4  (CARRY4=2 LUT4=1 LUT5=1)
  Clock Path Skew:        0.000ns (DCD - SCD - CPR)
    Destination Clock Delay (DCD):    2.152ns
    Source Clock Delay      (SCD):    1.632ns
    Clock Pessimism Removal (CPR):    0.520ns

    Location             Delay type                Incr(ns)  Path(ns)    Netlist Resource(s)
  -------------------------------------------------------------------    -------------------
                         (clock sys_clk_pin rise edge)
                                                      0.000     0.000 r  
    W5                                                0.000     0.000 r  CLK (IN)
                         net (fo=0)                   0.000     0.000    CLK
    W5                   IBUF (Prop_ibuf_I_O)         0.291     0.291 r  CLK_IBUF_inst/O
                         net (fo=1, routed)           0.676     0.967    CLK_IBUF
    BUFGCTRL_X0Y0        BUFG (Prop_bufg_I_O)         0.026     0.993 r  CLK_IBUF_BUFG_inst/O
                         net (fo=173, routed)         0.640     1.632    p_reg/CLK
    SLICE_X163Y182       FDRE                                         r  p_reg/FF_out_reg[16]/C
  -------------------------------------------------------------------    -------------------
    SLICE_X163Y182       FDRE (Prop_fdre_C_Q)         0.141     1.773 r  p_reg/FF_out_reg[16]/Q
                         net (fo=4, routed)           0.099     1.873    b1_reg/P[15]
    SLICE_X162Y182       LUT5 (Prop_lut5_I4_O)        0.045     1.918 r  b1_reg/FF_out[23]_i_18/O
                         net (fo=1, routed)           0.000     1.918    b1_reg/X_Mux_out[16]
    SLICE_X162Y182       CARRY4 (Prop_carry4_S[0]_O[0])
                                                      0.070     1.988 r  b1_reg/FF_out_reg[23]_i_14/O[0]
                         net (fo=2, routed)           0.192     2.180    c_reg/Post_AddSub1[16]
    SLICE_X163Y182       LUT4 (Prop_lut4_I2_O)        0.105     2.285 r  c_reg/FF_out[19]_i_9/O
                         net (fo=1, routed)           0.000     2.285    c_reg/FF_out[19]_i_9_n_0
    SLICE_X163Y182       CARRY4 (Prop_carry4_S[0]_O[0])
                                                      0.070     2.355 r  c_reg/FF_out_reg[19]_i_1/O[0]
                         net (fo=1, routed)           0.000     2.355    p_reg/D[16]
    SLICE_X163Y182       FDRE                                         r  p_reg/FF_out_reg[16]/D
  -------------------------------------------------------------------    -------------------

                         (clock sys_clk_pin rise edge)
                                                      0.000     0.000 r  
    W5                                                0.000     0.000 r  CLK (IN)
                         net (fo=0)                   0.000     0.000    CLK
    W5                   IBUF (Prop_ibuf_I_O)         0.479     0.479 r  CLK_IBUF_inst/O
                         net (fo=1, routed)           0.734     1.213    CLK_IBUF
    BUFGCTRL_X0Y0        BUFG (Prop_bufg_I_O)         0.029     1.242 r  CLK_IBUF_BUFG_inst/O
                         net (fo=173, routed)         0.910     2.152    p_reg/CLK
    SLICE_X163Y182       FDRE                                         r  p_reg/FF_out_reg[16]/C
                         clock pessimism             -0.520     1.632    
    SLICE_X163Y182       FDRE (Hold_fdre_C_D)         0.105     1.737    p_reg/FF_out_reg[16]
  -------------------------------------------------------------------
                         required time                         -1.737    
                         arrival time                           2.355    
  -------------------------------------------------------------------
                         slack                                  0.617    

Slack (MET) :             0.617ns  (arrival time - required time)
  Source:                 p_reg/FF_out_reg[24]/C
                            (rising edge-triggered cell FDRE clocked by sys_clk_pin  {rise@0.000ns fall@5.000ns period=10.000ns})
  Destination:            p_reg/FF_out_reg[24]/D
                            (rising edge-triggered cell FDRE clocked by sys_clk_pin  {rise@0.000ns fall@5.000ns period=10.000ns})
  Path Group:             sys_clk_pin
  Path Type:              Hold (Min at Fast Process Corner)
  Requirement:            0.000ns  (sys_clk_pin rise@0.000ns - sys_clk_pin rise@0.000ns)
  Data Path Delay:        0.722ns  (logic 0.431ns (59.670%)  route 0.291ns (40.330%))
  Logic Levels:           4  (CARRY4=2 LUT4=1 LUT5=1)
  Clock Path Skew:        0.000ns (DCD - SCD - CPR)
    Destination Clock Delay (DCD):    2.154ns
    Source Clock Delay      (SCD):    1.634ns
    Clock Pessimism Removal (CPR):    0.520ns

    Location             Delay type                Incr(ns)  Path(ns)    Netlist Resource(s)
  -------------------------------------------------------------------    -------------------
                         (clock sys_clk_pin rise edge)
                                                      0.000     0.000 r  
    W5                                                0.000     0.000 r  CLK (IN)
                         net (fo=0)                   0.000     0.000    CLK
    W5                   IBUF (Prop_ibuf_I_O)         0.291     0.291 r  CLK_IBUF_inst/O
                         net (fo=1, routed)           0.676     0.967    CLK_IBUF
    BUFGCTRL_X0Y0        BUFG (Prop_bufg_I_O)         0.026     0.993 r  CLK_IBUF_BUFG_inst/O
                         net (fo=173, routed)         0.642     1.634    p_reg/CLK
    SLICE_X163Y184       FDRE                                         r  p_reg/FF_out_reg[24]/C
  -------------------------------------------------------------------    -------------------
    SLICE_X163Y184       FDRE (Prop_fdre_C_Q)         0.141     1.775 r  p_reg/FF_out_reg[24]/Q
                         net (fo=4, routed)           0.099     1.875    a1_reg/P[6]
    SLICE_X162Y184       LUT5 (Prop_lut5_I4_O)        0.045     1.920 r  a1_reg/FF_out[31]_i_18/O
                         net (fo=1, routed)           0.000     1.920    a1_reg/X_Mux_out[24]
    SLICE_X162Y184       CARRY4 (Prop_carry4_S[0]_O[0])
                                                      0.070     1.990 r  a1_reg/FF_out_reg[31]_i_14/O[0]
                         net (fo=2, routed)           0.192     2.182    c_reg/Post_AddSub1[24]
    SLICE_X163Y184       LUT4 (Prop_lut4_I2_O)        0.105     2.287 r  c_reg/FF_out[27]_i_9/O
                         net (fo=1, routed)           0.000     2.287    c_reg/FF_out[27]_i_9_n_0
    SLICE_X163Y184       CARRY4 (Prop_carry4_S[0]_O[0])
                                                      0.070     2.357 r  c_reg/FF_out_reg[27]_i_1/O[0]
                         net (fo=1, routed)           0.000     2.357    p_reg/D[24]
    SLICE_X163Y184       FDRE                                         r  p_reg/FF_out_reg[24]/D
  -------------------------------------------------------------------    -------------------

                         (clock sys_clk_pin rise edge)
                                                      0.000     0.000 r  
    W5                                                0.000     0.000 r  CLK (IN)
                         net (fo=0)                   0.000     0.000    CLK
    W5                   IBUF (Prop_ibuf_I_O)         0.479     0.479 r  CLK_IBUF_inst/O
                         net (fo=1, routed)           0.734     1.213    CLK_IBUF
    BUFGCTRL_X0Y0        BUFG (Prop_bufg_I_O)         0.029     1.242 r  CLK_IBUF_BUFG_inst/O
                         net (fo=173, routed)         0.912     2.154    p_reg/CLK
    SLICE_X163Y184       FDRE                                         r  p_reg/FF_out_reg[24]/C
                         clock pessimism             -0.520     1.634    
    SLICE_X163Y184       FDRE (Hold_fdre_C_D)         0.105     1.739    p_reg/FF_out_reg[24]
  -------------------------------------------------------------------
                         required time                         -1.739    
                         arrival time                           2.357    
  -------------------------------------------------------------------
                         slack                                  0.617    

Slack (MET) :             0.617ns  (arrival time - required time)
  Source:                 p_reg/FF_out_reg[28]/C
                            (rising edge-triggered cell FDRE clocked by sys_clk_pin  {rise@0.000ns fall@5.000ns period=10.000ns})
  Destination:            p_reg/FF_out_reg[28]/D
                            (rising edge-triggered cell FDRE clocked by sys_clk_pin  {rise@0.000ns fall@5.000ns period=10.000ns})
  Path Group:             sys_clk_pin
  Path Type:              Hold (Min at Fast Process Corner)
  Requirement:            0.000ns  (sys_clk_pin rise@0.000ns - sys_clk_pin rise@0.000ns)
  Data Path Delay:        0.722ns  (logic 0.431ns (59.670%)  route 0.291ns (40.330%))
  Logic Levels:           4  (CARRY4=2 LUT4=1 LUT5=1)
  Clock Path Skew:        0.000ns (DCD - SCD - CPR)
    Destination Clock Delay (DCD):    2.155ns
    Source Clock Delay      (SCD):    1.634ns
    Clock Pessimism Removal (CPR):    0.521ns

    Location             Delay type                Incr(ns)  Path(ns)    Netlist Resource(s)
  -------------------------------------------------------------------    -------------------
                         (clock sys_clk_pin rise edge)
                                                      0.000     0.000 r  
    W5                                                0.000     0.000 r  CLK (IN)
                         net (fo=0)                   0.000     0.000    CLK
    W5                   IBUF (Prop_ibuf_I_O)         0.291     0.291 r  CLK_IBUF_inst/O
                         net (fo=1, routed)           0.676     0.967    CLK_IBUF
    BUFGCTRL_X0Y0        BUFG (Prop_bufg_I_O)         0.026     0.993 r  CLK_IBUF_BUFG_inst/O
                         net (fo=173, routed)         0.642     1.634    p_reg/CLK
    SLICE_X163Y185       FDRE                                         r  p_reg/FF_out_reg[28]/C
  -------------------------------------------------------------------    -------------------
    SLICE_X163Y185       FDRE (Prop_fdre_C_Q)         0.141     1.775 r  p_reg/FF_out_reg[28]/Q
                         net (fo=4, routed)           0.099     1.875    a1_reg/P[10]
    SLICE_X162Y185       LUT5 (Prop_lut5_I4_O)        0.045     1.920 r  a1_reg/FF_out[35]_i_18/O
                         net (fo=1, routed)           0.000     1.920    a1_reg/X_Mux_out[28]
    SLICE_X162Y185       CARRY4 (Prop_carry4_S[0]_O[0])
                                                      0.070     1.990 r  a1_reg/FF_out_reg[35]_i_14/O[0]
                         net (fo=2, routed)           0.192     2.182    c_reg/Post_AddSub1[28]
    SLICE_X163Y185       LUT4 (Prop_lut4_I2_O)        0.105     2.287 r  c_reg/FF_out[31]_i_9/O
                         net (fo=1, routed)           0.000     2.287    c_reg/FF_out[31]_i_9_n_0
    SLICE_X163Y185       CARRY4 (Prop_carry4_S[0]_O[0])
                                                      0.070     2.357 r  c_reg/FF_out_reg[31]_i_1/O[0]
                         net (fo=1, routed)           0.000     2.357    p_reg/D[28]
    SLICE_X163Y185       FDRE                                         r  p_reg/FF_out_reg[28]/D
  -------------------------------------------------------------------    -------------------

                         (clock sys_clk_pin rise edge)
                                                      0.000     0.000 r  
    W5                                                0.000     0.000 r  CLK (IN)
                         net (fo=0)                   0.000     0.000    CLK
    W5                   IBUF (Prop_ibuf_I_O)         0.479     0.479 r  CLK_IBUF_inst/O
                         net (fo=1, routed)           0.734     1.213    CLK_IBUF
    BUFGCTRL_X0Y0        BUFG (Prop_bufg_I_O)         0.029     1.242 r  CLK_IBUF_BUFG_inst/O
                         net (fo=173, routed)         0.913     2.155    p_reg/CLK
    SLICE_X163Y185       FDRE                                         r  p_reg/FF_out_reg[28]/C
                         clock pessimism             -0.521     1.634    
    SLICE_X163Y185       FDRE (Hold_fdre_C_D)         0.105     1.739    p_reg/FF_out_reg[28]
  -------------------------------------------------------------------
                         required time                         -1.739    
                         arrival time                           2.357    
  -------------------------------------------------------------------
                         slack                                  0.617    





Pulse Width Checks
--------------------------------------------------------------------------------------
Clock Name:         sys_clk_pin
Waveform(ns):       { 0.000 5.000 }
Period(ns):         10.000
Sources:            { CLK }

Check Type        Corner  Lib Pin      Reference Pin  Required(ns)  Actual(ns)  Slack(ns)  Location        Pin
Min Period        n/a     DSP48E1/CLK  n/a            2.863         10.000      7.137      DSP48_X8Y74     m_reg/FF_out_reg/CLK
Min Period        n/a     BUFG/I       n/a            1.592         10.000      8.408      BUFGCTRL_X0Y0   CLK_IBUF_BUFG_inst/I
Min Period        n/a     FDRE/C       n/a            1.000         10.000      9.000      SLICE_X156Y98   opmode_reg/FF_out_reg[4]/C
Min Period        n/a     FDRE/C       n/a            1.000         10.000      9.000      SLICE_X163Y178  p_reg/FF_out_reg[0]/C
Min Period        n/a     FDRE/C       n/a            1.000         10.000      9.000      SLICE_X163Y180  p_reg/FF_out_reg[10]/C
Min Period        n/a     FDRE/C       n/a            1.000         10.000      9.000      SLICE_X163Y180  p_reg/FF_out_reg[11]/C
Min Period        n/a     FDRE/C       n/a            1.000         10.000      9.000      SLICE_X163Y181  p_reg/FF_out_reg[12]/C
Min Period        n/a     FDRE/C       n/a            1.000         10.000      9.000      SLICE_X163Y181  p_reg/FF_out_reg[13]/C
Min Period        n/a     FDRE/C       n/a            1.000         10.000      9.000      SLICE_X163Y181  p_reg/FF_out_reg[14]/C
Min Period        n/a     FDRE/C       n/a            1.000         10.000      9.000      SLICE_X163Y181  p_reg/FF_out_reg[15]/C
Low Pulse Width   Slow    FDRE/C       n/a            0.500         5.000       4.500      SLICE_X163Y179  p_reg/FF_out_reg[4]/C
Low Pulse Width   Slow    FDRE/C       n/a            0.500         5.000       4.500      SLICE_X163Y179  p_reg/FF_out_reg[5]/C
Low Pulse Width   Slow    FDRE/C       n/a            0.500         5.000       4.500      SLICE_X163Y179  p_reg/FF_out_reg[6]/C
Low Pulse Width   Slow    FDRE/C       n/a            0.500         5.000       4.500      SLICE_X163Y179  p_reg/FF_out_reg[7]/C
Low Pulse Width   Slow    FDRE/C       n/a            0.500         5.000       4.500      SLICE_X157Y180  c_reg/FF_out_reg[12]/C
Low Pulse Width   Slow    FDRE/C       n/a            0.500         5.000       4.500      SLICE_X157Y180  c_reg/FF_out_reg[17]/C
Low Pulse Width   Slow    FDRE/C       n/a            0.500         5.000       4.500      SLICE_X156Y180  c_reg/FF_out_reg[18]/C
Low Pulse Width   Slow    FDRE/C       n/a            0.500         5.000       4.500      SLICE_X156Y180  c_reg/FF_out_reg[19]/C
Low Pulse Width   Slow    FDRE/C       n/a            0.500         5.000       4.500      SLICE_X156Y181  c_reg/FF_out_reg[20]/C
Low Pulse Width   Slow    FDRE/C       n/a            0.500         5.000       4.500      SLICE_X156Y181  c_reg/FF_out_reg[21]/C
High Pulse Width  Fast    FDRE/C       n/a            0.500         5.000       4.500      SLICE_X156Y98   opmode_reg/FF_out_reg[4]/C
High Pulse Width  Fast    FDRE/C       n/a            0.500         5.000       4.500      SLICE_X163Y178  p_reg/FF_out_reg[0]/C
High Pulse Width  Fast    FDRE/C       n/a            0.500         5.000       4.500      SLICE_X163Y178  p_reg/FF_out_reg[1]/C
High Pulse Width  Fast    FDRE/C       n/a            0.500         5.000       4.500      SLICE_X163Y184  p_reg/FF_out_reg[24]/C
High Pulse Width  Fast    FDRE/C       n/a            0.500         5.000       4.500      SLICE_X163Y184  p_reg/FF_out_reg[25]/C
High Pulse Width  Fast    FDRE/C       n/a            0.500         5.000       4.500      SLICE_X163Y184  p_reg/FF_out_reg[26]/C
High Pulse Width  Fast    FDRE/C       n/a            0.500         5.000       4.500      SLICE_X163Y184  p_reg/FF_out_reg[27]/C
High Pulse Width  Fast    FDRE/C       n/a            0.500         5.000       4.500      SLICE_X163Y178  p_reg/FF_out_reg[2]/C
High Pulse Width  Fast    FDRE/C       n/a            0.500         5.000       4.500      SLICE_X163Y178  p_reg/FF_out_reg[3]/C
High Pulse Width  Fast    FDRE/C       n/a            0.500         5.000       4.500      SLICE_X163Y188  p_reg/FF_out_reg[40]/C



